Workbook

Sheet Resumen
A1: Puntos de venta por zona — mapa «la plata zonas»
A2: Fuente: Google My Maps «la plata zonas». Zona asignada según en qué polígono cae el pin del mapa.
A4: Zona | B4: Puntos de venta | C4: A revisar
A5: Zona 01 - Villa Elisa | B5: =COUNTIF(Todos!$A$5:$A$553,A5) -> 24 | C5: =COUNTIFS(Todos!$A$5:$A$553,A5,Todos!$H$5:$H$553,"<>OK") -> 0
A6: Zona 02 - City Bell | B6: =COUNTIF(Todos!$A$5:$A$553,A6) -> 26 | C6: =COUNTIFS(Todos!$A$5:$A$553,A6,Todos!$H$5:$H$553,"<>OK") -> 0
A7: Zona 03 - Gonnet Ringuelet | B7: =COUNTIF(Todos!$A$5:$A$553,A7) -> 22 | C7: =COUNTIFS(Todos!$A$5:$A$553,A7,Todos!$H$5:$H$553,"<>OK") -> 0
A8: Zona 04 - Tolosa | B8: =COUNTIF(Todos!$A$5:$A$553,A8) -> 27 | C8: =COUNTIFS(Todos!$A$5:$A$553,A8,Todos!$H$5:$H$553,"<>OK") -> 0
A9: Zona 05 - Lateral San Carlos | B9: =COUNTIF(Todos!$A$5:$A$553,A9) -> 22 | C9: =COUNTIFS(Todos!$A$5:$A$553,A9,Todos!$H$5:$H$553,"<>OK") -> 0
A10: Zona 06 - Hipodromo | B10: =COUNTIF(Todos!$A$5:$A$553,A10) -> 25 | C10: =COUNTIFS(Todos!$A$5:$A$553,A10,Todos!$H$5:$H$553,"<>OK") -> 0
A11: Zona 07 - Lateral Norte | B11: =COUNTIF(Todos!$A$5:$A$553,A11) -> 32 | C11: =COUNTIFS(Todos!$A$5:$A$553,A11,Todos!$H$5:$H$553,"<>OK") -> 0
A12: Zona 08 - Lateral Centro Norte | B12: =COUNTIF(Todos!$A$5:$A$553,A12) -> 25 | C12: =COUNTIFS(Todos!$A$5:$A$553,A12,Todos!$H$5:$H$553,"<>OK") -> 0
A13: Zona 10 - Noroeste | B13: =COUNTIF(Todos!$A$5:$A$553,A13) -> 23 | C13: =COUNTIFS(Todos!$A$5:$A$553,A13,Todos!$H$5:$H$553,"<>OK") -> 0
A14: Zona 11 - Centro | B14: =COUNTIF(Todos!$A$5:$A$553,A14) -> 30 | C14: =COUNTIFS(Todos!$A$5:$A$553,A14,Todos!$H$5:$H$553,"<>OK") -> 0
A15: Zona 12 - Centro 2 | B15: =COUNTIF(Todos!$A$5:$A$553,A15) -> 33 | C15: =COUNTIFS(Todos!$A$5:$A$553,A15,Todos!$H$5:$H$553,"<>OK") -> 0
A16: Zona 13 - Lateral Sureste | B16: =COUNTIF(Todos!$A$5:$A$553,A16) -> 35 | C16: =COUNTIFS(Todos!$A$5:$A$553,A16,Todos!$H$5:$H$553,"<>OK") -> 0
... A23: Sin zona | B23: =COUNTIF(Todos!$A$5:$A$553,A23) -> 43 | C23: =COUNTIFS(Todos!$A$5:$A$553,A23,Todos!$H$5:$H$553,"<>OK") -> 43
A24: Total | B24: =SUM(B5:B23) -> 549 | C24: =SUM(C5:C23) -> 43
A26: Notas:
A27: • Zonas tomadas del mapa «la plata zonas» actualizado: 18 zonas dibujadas (no hay zona 9 ni zona 14).
A28: • Los puntos fuera de las zonas dibujadas (Gorina, Punta Lara, Sicardi, parte de Villa Elvira y bordes) figuran en «Sin zona», con la zona más cercana como referencia.
A29: • 43 pines que Google había ubicado mal fueron corregidos con la grilla de calles de La Plata (en verde, detalle en «Corrección aplicada»).

Sheet Todos
A1: Puntos de venta por zona — Gran La Plata
A2: 549 puntos de venta
A4: Zona | B4: Punto de venta | C4: Dirección (mapa) | D4: Dirección original | E4: Barrio | F4: Localidad | G4: Observación | H4: Estado | I4: Zona más cercana (si está fuera) | J4: Lat | K4: Lng | L4: Ver en Maps | M4: Corrección aplicada
A5: Zona 01 - Villa Elisa | B5: CHEN JUN | C5: Calle 446 y Calle 28BIS, City Bell, Buenos Aires, Argentina | D5: 446 ESQ 28BIS | E5: City Bell | F5: City Bell | H5: OK | J5: -34.880346 | K5: -58.084531 | L5: Abrir
A6: Zona 01 - Villa Elisa | B6: KIOSCO AYTINA | C6: Belgrano y Calle 451, City Bell, Buenos Aires, Argentina | D6: BELGRANO Y 451 | E6: City Bell | F6: City Bell | H6: OK | J6: -34.876267 | K6: -58.076594 | L6: Abrir
A7: Zona 01 - Villa Elisa | B7: PATRICIA TOLOSA MAXIKIOSCO MAR | C7: Calle 450 y Camino General Belgrano, City Bell, Buenos Aires, Argentina | D7: CALLE 450 CASI CNO. GRAL BELGRANO | E7: City Bell | F7: City Bell | H7: OK | J7: -34.875981 | K7: -58.077777 | L7: Abrir
A8: Zona 01 - Villa Elisa | B8: RAQUEL ALMACEN MANU | C8: Calle 21D y Calle 454, City Bell, Buenos Aires, Argentina | D8: 21D E/ 454 Y 455 | E8: City Bell | F8: City Bell | H8: OK | J8: -34.875057 | K8: -58.072214 | L8: Abrir
A9: Zona 01 - Villa Elisa | B9: ALE BODEGA EL REY | C9: Cno. Centenario 964, Villa Elisa, Buenos Aires, Argentina | D9: CNO. CENTENARIO º964 E/ ARANA Y 43 | E9: Villa Elisa | F9: Villa Elisa | H9: OK | J9: -34.853605 | K9: -58.079529 | L9: Abrir
A10: Zona 01 - Villa Elisa | B10: ALMACEN DON JOSE (ROBERTO) | C10: Calle 421BIS 555, Villa Elisa, Buenos Aires, Argentina | D10: 421BIS E/ 6 BIS Y 7 Nº555 | E10: Villa Elisa | F10: Villa Elisa | H10: OK | J10: -34.855737 | K10: -58.077369 | L10: Abrir
A11: Zona 01 - Villa Elisa | B11: ANDRÉS CONTI (SOLONESKI) | C11: Calle 419 2744, Villa Elisa, Buenos Aires, Argentina | D11: 419 N 2744 E/28 Y 28BIS | E11: Villa Elisa | F11: Villa Elisa | H11: OK | J11: -34.873158 | K11: -58.101882 | L11: Abrir
A12: Zona 01 - Villa Elisa | B12: AUDA CHAMORRO | C12: Calle 30BIS 3929, Villa Elisa, Buenos Aires, Argentina | D12: 30 BIS N°3929 E/ 429 Y 430 | E12: Villa Elisa | F12: Villa Elisa | H12: OK | J12: -34.880668 | K12: -58.094163 | L12: Abrir
A13: Zona 01 - Villa Elisa | B13: CAPORNIO CLAUDIO | C13: Cno. Centenario 795, Villa Elisa, Buenos Aires, Argentina | D13: CNO. CENTENARIO Y DIAG 4 Nº795 | E13: Villa Elisa | F13: Villa Elisa | H13: OK | J13: -34.853681 | K13: -58.077859 | L13: Abrir
A14: Zona 01 - Villa Elisa | B14: CARLA AGUERO NUEVA DIRECCIÓN | C14: Calle 404 y Calle 115BIS, Villa Elisa, Buenos Aires, Argentina | D14: 404 E/ 115 BIS Y 117 (SIN NÚMERO) | E14: Villa Elisa | F14: Villa Elisa | H14: OK | J14: -34.841036 | K14: -58.089261 | L14: Abrir
A15: Zona 01 - Villa Elisa | B15: COELHO RUBEN | C15: Calle 3 890, Villa Elisa, Buenos Aires, Argentina | D15: 3 N 890 | E15: Villa Elisa | F15: Villa Elisa | H15: OK | J15: -34.850968 | K15: -58.075887 | L15: Abrir
A16: Zona 01 - Villa Elisa | B16: EZEQUIEL CALFA SUPER MESSI | C16: Calle 3 744, Villa Elisa, Buenos Aires, Argentina | D16: CALLE 3 744 E/ 419 Y 421 | E16: Villa Elisa Las Torres | F16: Villa Elisa | H16: OK | J16: -34.851378 | K16: -58.075397 | L16: Abrir
... A135: Zona 06 - Hipodromo | B135: DISTRI RAICES - COOP. SAN PEDRO | C135: Calle 32 286, La Plata, Buenos Aires, Argentina | D135: 32 E/ 1 Y 115 N286 | E135: La Plata | F135: La Plata | H135: OK | J135: -34.894823 | K135: -57.962316 | L135: Abrir
A136: Zona 06 - Hipodromo | B136: ENRIQUE GUILLERMO JONGEWAARD | C136: Diag.80 254, La Plata, Buenos Aires, Argentina | D136: DIAG.80 N°254 E 117Y118 | F136: La Plata | H136: OK | J136: -34.898861 | K136: -57.949319 | L136: Abrir
A137: Zona 06 - Hipodromo | B137: ESTEFANIA ROJAS | C137: Diagonal 80 465, La Plata, Buenos Aires, Argentina | D137: DIAG 80 Nº 465 E/ 115 Y 116 | E137: La Plata | F137: La Plata | H137: OK | J137: -34.902589 | K137: -57.949475 | L137: Abrir
A138: Zona 06 - Hipodromo | B138: GISELA SOLEDAD LLANOS | C138: Calle 37 182, La Plata, Buenos Aires, Argentina | D138: CALLE 37 N182 E/ 116 Y 117 FRENTE A HOSPITAL ROSSI | E138: La Plata | F138: La Plata | H138: OK | J138: -34.896952 | K138: -57.954609 | L138: Abrir
A139: Zona 06 - Hipodromo | B139: HORACIO STREMEL | C139: Calle 1 599, La Plata, Buenos Aires, Argentina | D139: 1 Y 44 º599 | E139: La Plata | F139: La Plata | H139: OK | J139: -34.904347 | K139: -57.950111 | L139: Abrir | M139: Pin corregido según la grilla de calles de La Plata
A140: Zona 06 - Hipodromo | B140: LLAMAR ANTES - LUCIANO DIANA (KIOSCO PARADA 1) | C140: Avenida 1 631, La Plata, Buenos Aires, Argentina | D140: AV 1 N°631 e/ 44 Y 45 | E140: La Plata | F140: La Plata | H140: OK | J140: -34.905708 | K140: -57.948597 | L140: Abrir
A141: Zona 06 - Hipodromo | B141: MARIANA ESCRICH | C141: Calle 39 y Diagonal 114, La Plata, Buenos Aires, Argentina | D141: 39 Y DIAG 114 | E141: La Plata | F141: La Plata | H141: OK | J141: -34.89564 | K141: -57.948038 | L141: Abrir
A142: Zona 06 - Hipodromo | B142: MARTIN ARREGUI (RELOJES ARREGUI) | C142: Calle 1 575, La Plata, Buenos Aires, Argentina | D142: 1 Nº 575 E/ 43 Y 44 | E142: La Plata | F142: La Plata | H142: OK | J142: -34.903985 | K142: -57.950598 | L142: Abrir | M142: Pin corregido según la grilla de calles de La Plata
A143: Zona 06 - Hipodromo | B143: MAURO GONZALEZ | C143: Calle 2 631, La Plata, Buenos Aires, Argentina | D143: 2 N°631 E/ 44 Y 45 | E143: La Plata | F143: La Plata | H143: OK | J143: -34.906749 | K143: -57.949675 | L143: Abrir | M143: Caía en el solape zonas 5/17: asignado a 17 (Melchor Romero)
A144: Zona 06 - Hipodromo | B144: REAL IMPERIO LA REINA | C144: Avenida 1 604, La Plata, Buenos Aires, Argentina | D144: AV 1 604 ESQ 44 | E144: La Plata | F144: La Plata | H144: OK | J144: -34.905052 | K144: -57.948801 | L144: Abrir
A145: Zona 06 - Hipodromo | B145: ROXANA LUJAN | C145: Calle 38 35, La Plata, Buenos Aires, Argentina | D145: 38 Nº35 E/ 120 Y 121 | E145: La Plata | F145: La Plata | H145: OK | J145: -34.894947 | K145: -57.950653 | L145: Abrir
A146: Zona 06 - Hipodromo | B146: SANZ JAVIER | C146: Calle 36 228, La Plata, Buenos Aires, Argentina | D146: 36 Y DIAGONAL 74 º228 - SHELL | E146: La Plata | F146: La Plata | H146: OK | J146: -34.89701 | K146: -57.956647 | L146: Abrir
A147: Zona 06 - Hipodromo | B147: SARA VANESSA CARBAJAL | C147: Calle 40 87, La Plata, Buenos Aires, Argentina | D147: calle 40 E 118 Y 119 n87 | E147: La Plata | F147: La Plata | H147: OK | J147: -34.894967 | K147: -57.945959 | L147: Abrir
A148: Zona 06 - Hipodromo | B148: SILVIA PORCO | C148: Calle 42 308, La Plata, Buenos Aires, Argentina | D148: 42 Nº308 E/ 1 Y 2 | E148: La Plata | F148: La Plata | H148: OK | J148: -34.903708 | K148: -57.951488 | L148: Abrir
A149: Zona 06 - Hipodromo | B149: SOLEDAD CISNEROS | C149: Calle 2 y Calle 45, La Plata, Buenos Aires, Argentina | D149: CALLE 2 E/ 45 Y 46 | E149: La Plata | F149: La Plata | H149: OK | J149: -34.906071 | K149: -57.949848 | L149: Abrir
A150: Zona 06 - Hipodromo | B150: VIVIANA ERRAMOUSPE | C150: Calle 40 92, La Plata, Buenos Aires, Argentina | D150: 40 º92 DIAG 80 | E150: La Plata | F150: La Plata | H150: OK | J150: -34.894742 | K150: -57.946328 | L150: Abrir
A151: Zona 07 - Lateral Norte | B151: ADRIANA LORENA LEDESMA LO DE ADRY | C151: Calle 31 2332, José Hernández, La Plata, Buenos Aires, Argentina | D151: 31 E/ 508 Y 509 º2332 | E151: José Hernández | F151: José Hernández, La Plata | H151: OK | J151: -34.917095 | K151: -57.969263 | L151: Abrir
A152: Zona 07 - Lateral Norte | B152: MATIAS RAMOS | C152: Calle 133 2281, José Hernández, La Plata, Buenos Aires, Argentina | D152: 133 º2281 E/ 509 Y 510 | E152: José Hernández | F152: José Hernández, La Plata | H152: OK | J152: -34.917095 | K152: -57.969263 | L152: Abrir
A153: Zona 07 - Lateral Norte | B153: BONTEMPO RAMIRO | C153: Plaza Paso 51, La Plata, Buenos Aires, Argentina | D153: PLAZA PASO N 51 ESQ. 13 Y 44 | E153: La Plata | F153: La Plata | H153: OK | J153: -34.916988 | K153: -57.961736 | L153: Abrir
A154: Zona 07 - Lateral Norte | B154: DAMIAN ZLATAR - KIOSCO RUMBO | C154: Calle 12 649, La Plata, Buenos Aires, Argentina | D154: CALLE 12 N649 ESQ 45 | E154: La Plata | F154: La Plata | H154: OK | J154: -34.916202 | K154: -57.959436 | L154: Abrir
A155: Zona 07 - Lateral Norte | B155: FEDERICO KOLENDER | C155: Calle 12 805, La Plata, Buenos Aires, Argentina | D155: 12 805 E/ 48 Y 49 | E155: La Plata | F155: La Plata | H155: OK | J155: -34.91861 | K155: -57.956301 | L155: Abrir
... A160: Zona 07 - Lateral Norte | B160: GRISELLA VILLIVA | C160: Calle 42 1147, La Plata, Buenos Aires, Argentina | D160: 42 º1147 ESQ 18 | E160: La Plata 3 | F160: La Plata | H160: OK | J160: -34.919103 | K160: -57.968863 | L160: Abrir
A161: Zona 07 - Lateral Norte | B161: HORACIO TILBE (JUAN) LP | C161: Calle 44 799, La Plata, Buenos Aires, Argentina | D161: 44 N 799 Y 11 | E161: La Plata | F161: La Plata | H161: OK | J161: -34.913887 | K161: -57.960192 | L161: Abrir | M161: Pin corregido según la grilla de calles de La Plata
A162: Zona 07 - Lateral Norte | B162: JUAN PABLO BISOGNI | C162: Calle 15 1004, La Plata, Buenos Aires, Argentina | D162: CALLE 15 1004 ESQ 44 | E162: La Plata | F162: La Plata | H162: OK | J162: -34.917703 | K162: -57.964224 | L162: Abrir | M162: Pin corregido según la grilla de calles de La Plata
A163: Zona 07 - Lateral Norte | B163: KAPRI ALONZO LUIS PLAZA N°41 | C163: Plaza Paso 41, La Plata, Buenos Aires, Argentina | D163: PLAZA PASO N 41 | E163: La Plata | F163: La Plata | H163: OK | J163: -34.915727 | K163: -57.961885 | L163: Abrir
A164: Zona 07 - Lateral Norte | B164: LIN JIANLIN | C164: Calle 15 380, La Plata, Buenos Aires, Argentina | D164: 15 E/ 39 Y 40 Nº380 | E164: La Plata 3 | F164: La Plata | H164: OK | J164: -34.914292 | K164: -57.968296 | L164: Abrir
A165: Zona 07 - Lateral Norte | B165: LIU XIUYAN | C165: Calle 13 643, La Plata, Buenos Aires, Argentina | D165: 13 Nº 643 E/ 44 Y 45 | E165: La Plata | F165: La Plata | H165: OK | J165: -34.917251 | K165: -57.960466 | L165: Abrir
A166: Zona 07 - Lateral Norte | B166: LUCAS NUÑEZ | C166: Calle 49 874, La Plata, Buenos Aires, Argentina | D166: 49 E/ 12 Y 13 º874 | E166: La Plata | F166: La Plata | H166: OK | J166: -34.919503 | K166: -57.95585 | L166: Abrir
A167: Zona 07 - Lateral Norte | B167: MARILIN ALEJANDRA BISIO | C167: Calle 13 21, La Plata, Buenos Aires, Argentina | D167: 13 ENTRE 32 Y 33 Nº 21 | E167: La Plata 3 | F167: La Plata | H167: OK | J167: -34.906691 | K167: -57.974623 | L167: Abrir | M167: Caía en el solape zonas 5/17: asignado a 17 (Melchor Romero)
A168: Zona 07 - Lateral Norte | B168: MAURICIO EZEQUIEL GONZÁLEZ | C168: Calle 47 846, La Plata, Buenos Aires, Argentina | D168: 47 846 E/ 11 Y 12 | E168: La Plata | F168: La Plata | H168: OK | J168: -34.917619 | K168: -57.957013 | L168: Abrir
A169: Zona 07 - Lateral Norte | B169: MAXIMILIANO DALLERA | C169: Calle 38 1053, La Plata, Buenos Aires, Argentina | D169: 38 n1053 ESQ 16 | E169: La Plata 3 | F169: La Plata | H169: OK | J169: -34.914046 | K169: -57.971561 | L169: Abrir
A170: Zona 07 - Lateral Norte | B170: MIA PECEROS | C170: Calle 13 723, La Plata, Buenos Aires, Argentina | D170: 13 N723 E46 Y 47 | E170: La Plata Centro | F170: La Plata | H170: OK | J170: -34.918471 | K170: -57.958895 | L170: Abrir
A171: Zona 07 - Lateral Norte | B171: NOTO JAVIER ALEJANDRO | C171: Calle 18 221, La Plata, Buenos Aires, Argentina | D171: 18 N 221 E 36 Y 37 | E171: La Plata 3 | F171: La Plata | H171: OK | J171: -34.914557 | K171: -57.975396 | L171: Abrir
A172: Zona 07 - Lateral Norte | B172: RAUL HERNÁN ANDIA VALLEJOS | C172: Calle 41 y Calle 16, La Plata, Buenos Aires, Argentina | D172: 41 ESQ 16 - VERDULERÍA | E172: La Plata 3 | F172: La Plata | H172: OK | J172: -34.916609 | K172: -57.967928 | L172: Abrir
A173: Zona 07 - Lateral Norte | B173: SANTIAGO ARIAS LOS BÚHOS | C173: Calle 19 13, La Plata, Buenos Aires, Argentina | D173: 19 E/ 32 Y 33 Nº 13 | E173: La Plata | F173: La Plata | H173: OK | J173: -34.913209 | K173: -57.979466 | L173: Abrir | M173: Pin corregido según la grilla de calles de La Plata
A174: Zona 07 - Lateral Norte | B174: SCHNEIDER DANIEL | C174: Calle 19 149, La Plata, Buenos Aires, Argentina | D174: 19 Y 35 N 149 | E174: La Plata | F174: La Plata | H174: OK | J174: -34.915016 | K174: -57.977029 | L174: Abrir | M174: Pin corregido según la grilla de calles de La Plata
A175: Zona 07 - Lateral Norte | B175: SEBASTIAN DEL DAGO | C175: Calle 13 701, La Plata, Buenos Aires, Argentina | D175: 13 701 E/ 46 Y 47 | E175: La Plata Centro | F175: La Plata | H175: OK | J175: -34.918207 | K175: -57.959276 | L175: Abrir
A176: Zona 07 - Lateral Norte | B176: SUPER SEBASTIAN | C176: Calle 15 y Calle 36, La Plata, Buenos Aires, Argentina | D176: 15 Y 36 | E176: La Plata 3 | F176: La Plata | H176: OK | J176: -34.911568 | K176: -57.972592 | L176: Abrir
A177: Zona 07 - Lateral Norte | B177: SUPERMERCADO LA LINDA | C177: Calle 47 836, La Plata, Buenos Aires, Argentina | D177: 47 N836 E/ 11 Y 12 | E177: La Plata | F177: La Plata | H177: OK | J177: -34.917577 | K177: -57.956582 | L177: Abrir
A178: Zona 07 - Lateral Norte | B178: TERESA RAMONA GALARZA | C178: Calle 19 436, La Plata, Buenos Aires, Argentina | D178: 19 E/ 40 Y 41 Nº436 | E178: La Plata 3 | F178: La Plata | H178: OK | J178: -34.91899 | K178: -57.971668 | L178: Abrir | M178: Pin corregido según la grilla de calles de La Plata
A179: Zona 07 - Lateral Norte | B179: TORRES MARTA ELENA | C179: Calle 35 1053, La Plata, Buenos Aires, Argentina | D179: 35 1053 ESQ. 16 | E179: La Plata 3 | F179: La Plata | H179: OK | J179: -34.911506 | K179: -57.974912 | L179: Abrir
A180: Zona 07 - Lateral Norte | B180: VICTORIA GOICOECHEA - KIOSCO PEPO | C180: Calle 44 833, La Plata, Buenos Aires, Argentina | D180: 44 Nº 833 E/ 11 Y 12 | E180: La Plata | F180: La Plata | H180: OK | J180: -34.914364 | K180: -57.960696 | L180: Abrir | M180: Pin corregido según la grilla de calles de La Plata
A181: Zona 07 - Lateral Norte | B181: YE JIAFENG | C181: Calle 14 195, La Plata, Buenos Aires, Argentina | D181: 14 Nº 195 E/ 35 Y 36 | E181: La Plata 3 | F181: La Plata | H181: OK | J181: -34.910466 | K181: -57.971908 | L181: Abrir
A182: Zona 07 - Lateral Norte | B182: CHI GUAQUAN (SUPER EL DRAGON) | C182: Calle 19 186, Tolosa, Buenos Aires, Argentina | D182: 19 E/35 Y 36 Nº186 | E182: Tolosa | F182: Tolosa | H182: OK | J182: -34.915377 | K182: -57.976542 | L182: Abrir | M182: Pin corregido según la grilla de calles de La Plata
A183: Zona 08 - Lateral Centro Norte | B183: BALDASSO NOELIA (EX FLAVIA GISELE MARINO) | C183: Calle 6 96, La Plata, Buenos Aires, Argentina | D183: 6 Nº96 E/ 33 Y 34 | E183: La Plata | F183: La Plata | H183: OK | J183: -34.901045 | K183: -57.965639 | L183: Abrir
A184: Zona 08 - Lateral Centro Norte | B184: BECERRA ZAFRA 47 Y 5 ALEIVIN | C184: Calle 47 503, La Plata, Buenos Aires, Argentina | D184: 47 ESQUINA 5 N 503 | E184: La Plata | F184: La Plata | H184: OK | J184: -34.91115 | K184: -57.950212 | L184: Abrir
A185: Zona 08 - Lateral Centro Norte | B185: BITURON BLANCA CRISTINA (KATERINA) | C185: Pza Italia 10, La Plata, Buenos Aires, Argentina | D185: PZA ITALIA N°10 E/ 44 Y DIAG 74 | E185: La Plata | F185: La Plata | H185: OK | J185: -34.909857 | K185: -57.954776 | L185: Abrir
A186: Zona 08 - Lateral Centro Norte | B186: CAMILA CAMAÑO | C186: Diagonal 80 1032, La Plata, Buenos Aires, Argentina | D186: DIAGONAL 80 E/ 49 Y 50 º1032 | E186: La Plata | F186: La Plata | H186: OK | J186: -34.912971 | K186: -57.948422 | L186: Abrir
A187: Zona 08 - Lateral Centro Norte | B187: CARLA - FULL 365 (FRENTE TERMINAL) | C187: Calle 42 440, La Plata, Buenos Aires, Argentina | D187: 42 440 E 3 Y 4 | E187: La Plata | F187: La Plata | H187: OK | J187: -34.90615 | K187: -57.954072 | L187: Abrir
A188: Zona 08 - Lateral Centro Norte | B188: CULTURA DE LONGSHAN | C188: Calle 3 325, La Plata, Buenos Aires, Argentina | D188: 3 E/ 38 Y 39 Nº325 | E188: La Plata | F188: La Plata | H188: OK | J188: -34.902424 | K188: -57.957519 | L188: Abrir
A189: Zona 08 - Lateral Centro Norte | B189: DANIEL SOLARI | C189: Diagonal 74 1150, La Plata, Buenos Aires, Argentina | D189: DIAG 74 E/ 6 Y PZA ITALIA N°1150 | E189: La Plata | F189: La Plata | H189: OK | J189: -34.909694 | K189: -57.955126 | L189: Abrir
A190: Zona 08 - Lateral Centro Norte | B190: DRUGSTORE 6Y43 - MATIAS PASCUAL | C190: Calle 6 y Calle 43, La Plata, Buenos Aires, Argentina | D190: ESQ 6 Y 43 | E190: La Plata | F190: La Plata | H190: OK | J190: -34.908394 | K190: -57.956126 | L190: Abrir | M190: Pin corregido según la grilla de calles de La Plata
A191: Zona 08 - Lateral Centro Norte | B191: FACHAL SANTIAGO | C191: Calle 48 516, La Plata, Buenos Aires, Argentina | D191: 48 E/ 5 Y 6 N 516 | E191: La Plata | F191: La Plata | H191: OK | J191: -34.912265 | K191: -57.949317 | L191: Abrir
A192: Zona 08 - Lateral Centro Norte | B192: GABRIEL RAMIREZ - MAXIKIOSCO 46 | C192: Calle 3 407, La Plata, Buenos Aires, Argentina | D192: 3 ESQ 46 N 407 JUSTO ESQUINA | E192: La Plata | F192: La Plata | H192: OK | J192: -34.9077 | K192: -57.950177 | L192: Abrir | M192: Pin corregido según la grilla de calles de La Plata
A193: Zona 08 - Lateral Centro Norte | B193: JUAN CARLOS CAMPOS | C193: Calle 50 461, La Plata, Buenos Aires, Argentina | D193: 50 461 E/ 4 Y 5 | E193: La Plata | F193: La Plata | H193: OK | J193: -34.912131 | K193: -57.947024 | L193: Abrir
A194: Zona 08 - Lateral Centro Norte | B194: LEONARDO D'ALOISIO MAXIKIOSCO POP | C194: Calle 43 548, La Plata, Buenos Aires, Argentina | D194: 43 º548 ESQ 6 Y DIAG 74 | E194: La Plata | F194: La Plata | H194: OK | J194: -34.908877 | K194: -57.955162 | L194: Abrir
A195: Zona 08 - Lateral Centro Norte | B195: LIU DONG | C195: Calle 4 868, La Plata, Buenos Aires, Argentina | D195: 4 N°868 E/ 49 Y 50 | E195: La Plata | F195: La Plata | H195: OK | J195: -34.911635 | K195: -57.947044 | L195: Abrir
A196: Zona 08 - Lateral Centro Norte | B196: LUIS EZEQUIEL LUCE | C196: Calle 45 549, La Plata, Buenos Aires, Argentina | D196: 45 E/ 5 Y 6 º549 | E196: La Plata | F196: La Plata | H196: OK | J196: -34.910388 | K196: -57.952976 | L196: Abrir
A197: Zona 08 - Lateral Centro Norte | B197: MANUEL DIAZ | C197: Calle 47 545, La Plata, Buenos Aires, Argentina | D197: 47 545 E/ 5 Y 6 | E197: Centro La Plata | F197: La Plata | H197: OK | J197: -34.911946 | K197: -57.951 | L197: Abrir
A198: Zona 08 - Lateral Centro Norte | B198: MARCELA Y HUGO | C198: Calle 47 545, La Plata, Buenos Aires, Argentina | D198: CALLE 47 Nº 545 CASI ESQ. 6 | E198: La Plata | F198: La Plata | H198: OK | J198: -34.911946 | K198: -57.951 | L198: Abrir
A199: Zona 08 - Lateral Centro Norte | B199: NEYRA JOAQUIN 49 | C199: Calle 49 519, La Plata, Buenos Aires, Argentina | D199: 49 N 519 Y DIAG. 80 | E199: La Plata | F199: La Plata | H199: OK | J199: -34.912738 | K199: -57.948719 | L199: Abrir
A200: Zona 08 - Lateral Centro Norte | B200: NEYRA JOAQUIN DIAG 80 | C200: Diagonal 80 1087, La Plata, Buenos Aires, Argentina | D200: DIAGONAL 80 N 1087 E/ 5 Y 6 | E200: La Plata | F200: La Plata | H200: OK | J200: -34.9135 | K200: -57.948762 | L200: Abrir
A201: Zona 08 - Lateral Centro Norte | B201: NO STOP 5 Y 42 JOAQUÍN CUERVO | C201: Calle 5 500, La Plata, Buenos Aires, Argentina | D201: 5 º500 ESQ 42 | E201: La Plata | F201: La Plata | H201: OK | J201: -34.907022 | K201: -57.955534 | L201: Abrir
A202: Zona 08 - Lateral Centro Norte | B202: NO STOP 7 N 566 JULIAN | C202: Plaza Italia 566, La Plata, Buenos Aires, Argentina | D202: PLAZA ITALIA Y 7 N 566 | E202: La Plata | F202: La Plata | H202: OK | J202: -34.911001 | K202: -57.954434 | L202: Abrir
A203: Zona 08 - Lateral Centro Norte | B203: PABLO CAVALLO | C203: Calle 48 523, La Plata, Buenos Aires, Argentina | D203: 48 Nº523 E/ 5 Y 6 | E203: La Plata | F203: La Plata | H203: OK | J203: -34.912129 | K203: -57.949845 | L203: Abrir
A204: Zona 08 - Lateral Centro Norte | B204: PAOLA MANSINO | C204: Calle 7 542, La Plata, Buenos Aires, Argentina | D204: 7 Nº 542 E/ 42 Y 43 | E204: La Plata | F204: La Plata | H204: OK | J204: -34.909472 | K204: -57.956539 | L204: Abrir
... A206: Zona 08 - Lateral Centro Norte | B206: VALLEJOS CARINA | C206: Calle 3 200, La Plata, Buenos Aires, Argentina | D206: 3 Y 36 N 200 | E206: La Plata | F206: La Plata | H206: OK | J206: -34.900159 | K206: -57.960117 | L206: Abrir
A207: Zona 08 - Lateral Centro Norte | B207: YANI YUSSO | C207: Calle 51 355, La Plata, Buenos Aires, Argentina | D207: 51 º355 E/ 2 Y 3 | E207: La Plata | F207: La Plata | H207: OK | J207: -34.910836 | K207: -57.9448 | L207: Abrir | M207: Pin corregido según la grilla de calles de La Plata
A208: Zona 10 - Noroeste | B208: ASTROGROW (JOAQUIN) | C208: Avenida 19 996, La Plata, Buenos Aires, Argentina | D208: AV 19 E/ 51 Y 53 º996 | E208: La Plata 3 | F208: La Plata | H208: OK | J208: -34.92721 | K208: -57.960073 | L208: Abrir
A209: Zona 10 - Noroeste | B209: JUAN (EX ROMINA GARRAFA KIOSCO) | C209: Calle 25 y Calle 44, La Plata, Buenos Aires, Argentina | D209: 25 Y 44 | E209: La Plata | F209: La Plata | H209: OK | J209: -34.927243 | K209: -57.974305 | L209: Abrir | M209: Pin corregido según la grilla de calles de La Plata
A210: Zona 10 - Noroeste | B210: KIOSCO PARADA ZERO (RUBEN COELHO) | C210: Calle 20 898, La Plata, Buenos Aires, Argentina | D210: 20 ESQ 50 º898 | E210: La Plata 3 | F210: La Plata | H210: OK | J210: -34.926829 | K210: -57.963081 | L210: Abrir
A211: Zona 10 - Noroeste | B211: LIN HANGWEI | C211: Calle 46 1376, La Plata, Buenos Aires, Argentina | D211: 46 E/ 22 Y 23 Nº1376 | E211: La Plata | F211: La Plata | H211: OK | J211: -34.927002 | K211: -57.968845 | L211: Abrir
A212: Zona 10 - Noroeste | B212: LIN HANGWEI (SUPER EL DRAGON) | C212: Calle 46 1376, La Plata, Buenos Aires, Argentina | D212: 46 E/ 22 Y 23 N°1376 | E212: La Plata 3 | F212: La Plata | H212: OK | J212: -34.927002 | K212: -57.968845 | L212: Abrir
A213: Zona 10 - Noroeste | B213: LIN XINYI | C213: Calle 49 1510, La Plata, Buenos Aires, Argentina | D213: 49 E/ 25 Y 26 Nº 1510 | E213: La Plata 3 | F213: La Plata | H213: OK | J213: -34.931494 | K213: -57.969088 | L213: Abrir
A214: Zona 10 - Noroeste | B214: LIN XIUMEI | C214: Calle 54 1332, La Plata, Buenos Aires, Argentina | D214: 54 º1332 E/ 21 Y 22 | E214: La Plata 3 | F214: La Plata | H214: OK | J214: -34.930481 | K214: -57.961969 | L214: Abrir
A215: Zona 10 - Noroeste | B215: LORENA MARTINEZ | C215: Calle 49 1082, La Plata, Buenos Aires, Argentina | D215: 49 E 16 Y 17 N°1082 | F215: La Plata | H215: OK | J215: -34.923472 | K215: -57.960207 | L215: Abrir
A216: Zona 10 - Noroeste | B216: MARIELA NAQUED - NEIKY MARKET | C216: Calle 25 y Calle 54, La Plata, Buenos Aires, Argentina | D216: 25 Y 54 | E216: La Plata 3 | F216: La Plata | H216: OK | J216: -34.933635 | K216: -57.965615 | L216: Abrir
A217: Zona 10 - Noroeste | B217: MERIDA FERNANDO JOSE | C217: Calle 51 1147, La Plata, Buenos Aires, Argentina | D217: 51 Y 18 N 1147 | E217: La Plata 3 | F217: La Plata | H217: OK | J217: -34.925541 | K217: -57.960332 | L217: Abrir
A218: Zona 10 - Noroeste | B218: NAHUEL DE LEO AUTOSERVICIO AMICCI | C218: Calle 48 1267, La Plata, Buenos Aires, Argentina | D218: 48 º1267 E/ 20 Y 21 | E218: La Plata | F218: La Plata | H218: OK | J218: -34.926177 | K218: -57.965115 | L218: Abrir
A219: Zona 10 - Noroeste | B219: NICOLAS FEDERICO DEL CORAZON DE JESUS ESCUDIER | C219: Diagonal 73 2015, La Plata, Buenos Aires, Argentina | D219: DIAG 73 º 2015 ESQ 48 | E219: La Plata | F219: La Plata | H219: OK | J219: -34.921451 | K219: -57.959595 | L219: Abrir
A220: Zona 10 - Noroeste | B220: NICOLAS VALLEJOS (EX SUSANA VERDULERÍA) | C220: Calle 19 y Calle 56, La Plata, Buenos Aires, Argentina | D220: 19 Y 56 | E220: La Plata 3 | F220: La Plata | H220: OK | J220: -34.92915 | K220: -57.95818 | L220: Abrir
A221: Zona 10 - Noroeste | B221: PABLO COSTANTINO - DE TODO UN POCO | C221: Diagonal 73 2089, La Plata, Buenos Aires, Argentina | D221: DIAG. 73 Nº 2089 ESQ. 16 | E221: La Plata 3 | F221: La Plata | H221: OK | J221: -34.921539 | K221: -57.961105 | L221: Abrir
A222: Zona 10 - Noroeste | B222: WALTER DANIEL INAMA | C222: Calle 56 1674, La Plata, Buenos Aires, Argentina | D222: 56 N°1674 E/ 28 Y 29 | E222: La Plata 3 | F222: La Plata | H222: OK | J222: -34.938111 | K222: -57.967546 | L222: Abrir
A223: Zona 10 - Noroeste | B223: WALTER HUGO TOBARES | C223: Calle 46 1386, La Plata, Buenos Aires, Argentina | D223: 46 º1386 E/ 22 Y 23 | E223: La Plata 3 | F223: La Plata | H223: OK | J223: -34.927178 | K223: -57.96911 | L223: Abrir
A224: Zona 10 - Noroeste | B224: YRIS CARDOZO | C224: Calle 48 1004, La Plata, Buenos Aires, Argentina | D224: 48 E/ 15 Y DIAG 73 º1004 | E224: La Plata 3 | F224: La Plata | H224: OK | J224: -34.921383 | K224: -57.959502 | L224: Abrir
...

Sheet Zona 01 Villa Elisa
A1: Zona 01 - Villa Elisa | B1: CHRISTIAN
A2: 24 puntos de venta
A4: Zona | B4: Punto de venta | C4: Dirección (mapa) | D4: Dirección original | E4: Barrio | F4: Localidad | G4: Observación | H4: Estado | I4: Zona más cercana (si está fuera) | J4: Lat | K4: Lng | L4: Ver en Maps | M4: Corrección aplicada
A5: Zona 01 - Villa Elisa | B5: CHEN JUN | C5: Calle 446 y Calle 28BIS, City Bell, Buenos Aires, Argentina | D5: 446 ESQ 28BIS | E5: City Bell | F5: City Bell | H5: OK | J5: -34.880346 | K5: -58.084531 | L5: Abrir
A6: Zona 01 - Villa Elisa | B6: KIOSCO AYTINA | C6: Belgrano y Calle 451, City Bell, Buenos Aires, Argentina | D6: BELGRANO Y 451 | E6: City Bell | F6: City Bell | H6: OK | J6: -34.876267 | K6: -58.076594 | L6: Abrir
A7: Zona 01 - Villa Elisa | B7: PATRICIA TOLOSA MAXIKIOSCO MAR | C7: Calle 450 y Camino General Belgrano, City Bell, Buenos Aires, Argentina | D7: CALLE 450 CASI CNO. GRAL BELGRANO | E7: City Bell | F7: City Bell | H7: OK | J7: -34.875981 | K7: -58.077777 | L7: Abrir
A8: Zona 01 - Villa Elisa | B8: RAQUEL ALMACEN MANU | C8: Calle 21D y Calle 454, City Bell, Buenos Aires, Argentina | D8: 21D E/ 454 Y 455 | E8: City Bell | F8: City Bell | H8: OK | J8: -34.875057 | K8: -58.072214 | L8: Abrir
A9: Zona 01 - Villa Elisa | B9: ALE BODEGA EL REY | C9: Cno. Centenario 964, Villa Elisa, Buenos Aires, Argentina | D9: CNO. CENTENARIO º964 E/ ARANA Y 43 | E9: Villa Elisa | F9: Villa Elisa | H9: OK | J9: -34.853605 | K9: -58.079529 | L9: Abrir
A10: Zona 01 - Villa Elisa | B10: ALMACEN DON JOSE (ROBERTO) | C10: Calle 421BIS 555, Villa Elisa, Buenos Aires, Argentina | D10: 421BIS E/ 6 BIS Y 7 Nº555 | E10: Villa Elisa | F10: Villa Elisa | H10: OK | J10: -34.855737 | K10: -58.077369 | L10: Abrir
A11: Zona 01 - Villa Elisa | B11: ANDRÉS CONTI (SOLONESKI) | C11: Calle 419 2744, Villa Elisa, Buenos Aires, Argentina | D11: 419 N 2744 E/28 Y 28BIS | E11: Villa Elisa | F11: Villa Elisa | H11: OK | J11: -34.873158 | K11: -58.101882 | L11: Abrir
A12: Zona 01 - Villa Elisa | B12: AUDA CHAMORRO | C12: Calle 30BIS 3929, Villa Elisa, Buenos Aires, Argentina | D12: 30 BIS N°3929 E/ 429 Y 430 | E12: Villa Elisa | F12: Villa Elisa | H12: OK | J12: -34.880668 | K12: -58.094163 | L12: Abrir
A13: Zona 01 - Villa Elisa | B13: CAPORNIO CLAUDIO | C13: Cno. Centenario 795, Villa Elisa, Buenos Aires, Argentina | D13: CNO. CENTENARIO Y DIAG 4 Nº795 | E13: Villa Elisa | F13: Villa Elisa | H13: OK | J13: -34.853681 | K13: -58.077859 | L13: Abrir
A14: Zona 01 - Villa Elisa | B14: CARLA AGUERO NUEVA DIRECCIÓN | C14: Calle 404 y Calle 115BIS, Villa Elisa, Buenos Aires, Argentina | D14: 404 E/ 115 BIS Y 117 (SIN NÚMERO) | E14: Villa Elisa | F14: Villa Elisa | H14: OK | J14: -34.841036 | K14: -58.089261 | L14: Abrir
A15: Zona 01 - Villa Elisa | B15: COELHO RUBEN | C15: Calle 3 890, Villa Elisa, Buenos Aires, Argentina | D15: 3 N 890 | E15: Villa Elisa | F15: Villa Elisa | H15: OK | J15: -34.850968 | K15: -58.075887 | L15: Abrir
A16: Zona 01 - Villa Elisa | B16: EZEQUIEL CALFA SUPER MESSI | C16: Calle 3 744, Villa Elisa, Buenos Aires, Argentina | D16: CALLE 3 744 E/ 419 Y 421 | E16: Villa Elisa Las Torres | F16: Villa Elisa | H16: OK | J16: -34.851378 | K16: -58.075397 | L16: Abrir
... A28: Zona 01 - Villa Elisa | B28: ZONA NORTE | C28: Calle 419 y Calle 21B, Villa Elisa, Buenos Aires, Argentina | D28: 419 ESQ 21B 1788 | E28: Villa Elisa | F28: Villa Elisa | H28: OK | J28: -34.875489 | K28: -58.104986 | L28: Abrir

Sheet Zona 02 City Bell
A1: Zona 02 - City Bell | B1: CHRISTIAN
A2: 26 puntos de venta
A4: Zona | B4: Punto de venta | C4: Dirección (mapa) | D4: Dirección original | E4: Barrio | F4: Localidad | G4: Observación | H4: Estado | I4: Zona más cercana (si está fuera) | J4: Lat | K4: Lng | L4: Ver en Maps | M4: Corrección aplicada
A5: Zona 02 - City Bell | B5: ALEJANDRO MAXIKIOSCO PUNTO ROJO | C5: Cno Gral Belgrano 595, City Bell, Buenos Aires, Argentina | D5: CNO GRAL BELGRANO º595 ESQ 467 | E5: City Bell | F5: City Bell | H5: OK | J5: -34.880727 | K5: -58.056992 | L5: Abrir
A6: Zona 02 - City Bell | B6: ANGELA ROCIO ZALAZAR | C6: Camino Gral Belgrano 18, City Bell, Buenos Aires, Argentina | D6: CAMINO GRAL BELGRANO N°18 | E6: City Bell | F6: City Bell | H6: OK | J6: -34.882665 | K6: -58.049204 | L6: Abrir
A7: Zona 02 - City Bell | B7: AXION CITY BELL CENTENARIO | C7: Cno Centenario y Calle 466, City Bell, Buenos Aires, Argentina | D7: CNO CENTENARIO Y 466 | E7: City Bell | F7: City Bell | H7: OK | J7: -34.863865 | K7: -58.046577 | L7: Abrir
A8: Zona 02 - City Bell | B8: BODEGON FENIX CITY BELL | C8: Centenario 1032, City Bell, Buenos Aires, Argentina | D8: CENTENARIO Y 461F N1032 (LOCAL VERDE) | E8: City Bell | F8: City Bell | H8: OK | J8: -34.863331 | K8: -58.052511 | L8: Abrir
A9: Zona 02 - City Bell | B9: CANO PABLO | C9: Plaza Belgrano 43, City Bell, Buenos Aires, Argentina | D9: PLAZA BELGRANO N 43 | E9: City Bell | F9: City Bell | H9: OK | J9: -34.871015 | K9: -58.046831 | L9: Abrir
A10: Zona 02 - City Bell | B10: DANIELA SOSA | C10: Calle 467 555, City Bell, Buenos Aires, Argentina | D10: 467 º555 E/ 14 Y 14B | E10: City Bell | F10: City Bell | H10: OK | J10: -34.869401 | K10: -58.049359 | L10: Abrir
A11: Zona 02 - City Bell | B11: DIEGO ALVARO RAMIREZ | C11: Cantilo 16, City Bell, Buenos Aires, Argentina | D11: CANTILO Nº16 ESQ. CENTENARIO | E11: City Bell | F11: City Bell | H11: OK | J11: -34.866615 | K11: -58.042464 | L11: Abrir
A12: Zona 02 - City Bell | B12: EPSTEIN (476 - EL ALM DE GUEMES) | C12: Calle 476 1301, City Bell, Buenos Aires, Argentina | D12: 476 Nº1301 ESQ 19 (ENTRE CNO GRAL BELGRANO Y CENTENARAILOE)JANDRO | E12: City Bell | F12: City Bell | H12: OK | J12: -34.879751 | K12: -58.046662 | L12: Abrir
A13: Zona 02 - City Bell | B13: FERNANDO - LA HORMIGA | C13: Calle 462 y Calle 16, City Bell, Buenos Aires, Argentina | D13: 462 E 16 Y 17 | E13: City Bell | F13: City Bell | H13: OK | J13: -34.870994 | K13: -58.057218 | L13: Abrir
A14: Zona 02 - City Bell | B14: FULL MIX CANTILO Y 14A | C14: Cantilo y Calle 14A, City Bell, Buenos Aires, Argentina | D14: CANTILO Y 14A | E14: City Bell | F14: City Bell | H14: OK | J14: -34.870602 | K14: -58.045579 | L14: Abrir
A15: Zona 02 - City Bell | B15: FULL MIX CANTILO Y CENTENARIO | C15: Cantilo y Centenario, City Bell, Buenos Aires, Argentina | D15: CANTILO Y CENTENARIO | E15: City Bell | F15: City Bell | H15: OK | J15: -34.866094 | K15: -58.042394 | L15: Abrir
A16: Zona 02 - City Bell | B16: GERARDO FIGUEROA HARO | C16: Calle 475 y Calle 10, City Bell, Buenos Aires, Argentina | D16: 475 ESQ 10 | E16: City Bell | F16: City Bell | H16: OK | J16: -34.863786 | K16: -58.037734 | L16: Abrir
... A30: Zona 02 - City Bell | B30: WANG JIANHONG (EX CHEN WENBING MINKAI) | C30: Calle 473 y Calle 15, City Bell, Buenos Aires, Argentina | D30: CALLE 473 E/ 15 Y 15A | E30: City Bell | F30: City Bell | H30: OK | J30: -34.873285 | K30: -58.047507 | L30: Abrir

Sheet Zona 03 Gonnet Ringuelet
A1: Zona 03 - Gonnet Ringuelet | B1: CHRISTIAN
A2: 22 puntos de venta
A4: Zona | B4: Punto de venta | C4: Dirección (mapa) | D4: Dirección original | E4: Barrio | F4: Localidad | G4: Observación | H4: Estado | I4: Zona más cercana (si está fuera) | J4: Lat | K4: Lng | L4: Ver en Maps | M4: Corrección aplicada
A5: Zona 03 - Gonnet Ringuelet | B5: PATRICIA ARIAS GALA | C5: Calle 487 2347, City Bell, Buenos Aires, Argentina | D5: 487 n2347 e/18 Y 19 | E5: City Bell | F5: City Bell | H5: OK | J5: -34.881616 | K5: -58.034093 | L5: Abrir
A6: Zona 03 - Gonnet Ringuelet | B6: ALEJANDRO EPSTEIN (LA POSTA) | C6: Calle 497 1633, Manuel B. Gonnet, Buenos Aires, Argentina | D6: 497 Nº1633 E/ 11 Y 12 | E6: Gonnet | F6: Manuel B. Gonnet | H6: OK | J6: -34.876498 | K6: -58.012923 | L6: Abrir
A7: Zona 03 - Gonnet Ringuelet | B7: CESPEDES MIA AYLEN (ANA) | C7: Calle 508 2389, Manuel B. Gonnet, Buenos Aires, Argentina | D7: 508 E/ 18 Y 19 º2389 | E7: Gonnet | F7: Manuel B. Gonnet | H7: OK | J7: -34.891258 | K7: -58.008404 | L7: Abrir
A8: Zona 03 - Gonnet Ringuelet | B8: CHEN CHEN | C8: Avenida 25 2877, Manuel B. Gonnet, Buenos Aires, Argentina | D8: AV 25 2877 E/ 504 Y 503 | E8: Gonnet | F8: Manuel B. Gonnet | H8: OK | J8: -34.893154 | K8: -58.01976 | L8: Abrir
A9: Zona 03 - Gonnet Ringuelet | B9: CLAUDIO CORNO | C9: Calle 11 3653, Manuel B. Gonnet, Buenos Aires, Argentina | D9: 11 N 3653 E/498 Y 499 | E9: Gonnet 2 | F9: Manuel B. Gonnet | H9: OK | J9: -34.876766 | K9: -58.01093 | L9: Abrir
A10: Zona 03 - Gonnet Ringuelet | B10: FLORENCIA CRUZ - KIOSCO DE AME | C10: Calle 489 2245, Manuel B. Gonnet, Buenos Aires, Argentina | D10: 489 E/ 16BIS Y 17 N 2245 | E10: Gonnet | F10: Manuel B. Gonnet | H10: OK | J10: -34.880449 | K10: -58.031255 | L10: Abrir
A11: Zona 03 - Gonnet Ringuelet | B11: GABRIELA PEREZ KIOSCO GABY GONNET | C11: Calle 25 y Calle 505, Manuel B. Gonnet, Buenos Aires, Argentina | D11: 25 E/ 505 Y 506 | E11: Gonnet | F11: Manuel B. Gonnet | H11: OK | J11: -34.891245 | K11: -58.013801 | L11: Abrir
A12: Zona 03 - Gonnet Ringuelet | B12: HECTOR MATIAS GIL | C12: Calle 23 4320, Manuel B. Gonnet, Buenos Aires, Argentina | D12: 23 E/ 488 Y 489 º4320 | E12: Gonnet | F12: Manuel B. Gonnet | H12: OK | J12: -34.887291 | K12: -58.033714 | L12: Abrir
A13: Zona 03 - Gonnet Ringuelet | B13: JUAN ALBERTO MARTIN | C13: Calle 495 2051, Manuel B. Gonnet, Buenos Aires, Argentina | D13: 495 Y 15BIS º2051 | E13: Gonnet | F13: Manuel B. Gonnet | H13: OK | J13: -34.880178 | K13: -58.022895 | L13: Abrir
A14: Zona 03 - Gonnet Ringuelet | B14: PUNTO ROJO 25 | C14: Calle 25 3044, Manuel B. Gonnet, Buenos Aires, Argentina | D14: 25 º3044 ESQ 501 | E14: Gonnet | F14: Manuel B. Gonnet | H14: OK | J14: -34.892679 | K14: -58.021192 | L14: Abrir
A15: Zona 03 - Gonnet Ringuelet | B15: SUPER 7 LEE EXPRESS | C15: Calle 7 2771, Manuel B. Gonnet, Buenos Aires, Argentina | D15: 7 N 2771 E/ 504 Y 505 | E15: Gonnet | F15: Manuel B. Gonnet | H15: OK | J15: -34.877058 | K15: -58.00019 | L15: Abrir
A16: Zona 03 - Gonnet Ringuelet | B16: VIDELA LIDIA LO DE PELU | C16: Calle 508 101, Manuel B. Gonnet, Buenos Aires, Argentina | D16: 508 N 101 E/ 7 Y 8 | E16: Gonnet | F16: Manuel B. Gonnet | H16: OK | J16: -34.881555 | K16: -57.995897 | L16: Abrir
... A26: Zona 03 - Gonnet Ringuelet | B26: TOMAS LA FRAZIA | C26: Calle 511 1731, Ringuelet, Buenos Aires, Argentina | D26: 511 Nº1731 E/ 12 Y 13 | E26: Ringuelet | F26: Ringuelet | H26: OK | J26: -34.887712 | K26: -57.998426 | L26: Abrir

Sheet Zona 04 Tolosa
A1: Zona 04 - Tolosa | B1: CHRISTIAN
A2: 27 puntos de venta
A4: Zona | B4: Punto de venta | C4: Dirección (mapa) | D4: Dirección original | E4: Barrio | F4: Localidad | G4: Observación | H4: Estado | I4: Zona más cercana (si está fuera) | J4: Lat | K4: Lng | L4: Ver en Maps | M4: Corrección aplicada
A5: Zona 04 - Tolosa | B5: CRISTIAN DOMINGUEZ | C5: Calle 7 47, La Plata, Buenos Aires, Argentina | D5: 7 ENTRE 32 Y 33 N 47 | E5: La Plata | F5: La Plata | H5: OK | J5: -34.899841 | K5: -57.969549 | L5: Abrir
A6: Zona 04 - Tolosa | B6: CLAUDIA INES MARIÑO | C6: Calle 519 1221, Ringuelet, Buenos Aires, Argentina | D6: 519 Nº1221 E/ 7 Y 8 | E6: Ringuelet | F6: Ringuelet | H6: OK | J6: -34.889695 | K6: -57.984181 | L6: Abrir
A7: Zona 04 - Tolosa | B7: FRANCO GUARIE AMADEO NUEVA DIRECCIÓN | C7: Calle 520 1543, Ringuelet, Buenos Aires, Argentina | D7: 520 E/ 10 Y 11 º1543 | E7: Ringuelet | F7: Ringuelet | H7: OK | J7: -34.893467 | K7: -57.986241 | L7: Abrir
A8: Zona 04 - Tolosa | B8: LUISINA ROSSI | C8: Calle 518 938, Ringuelet, Buenos Aires, Argentina | D8: 518 N938 E/ 4 Y 4BIS | E8: Ringuelet | F8: Ringuelet | H8: OK | J8: -34.886563 | K8: -57.982222 | L8: Abrir
A9: Zona 04 - Tolosa | B9: AGUSTINA CAMAÑO | C9: Calle 520 1237, Tolosa, Buenos Aires, Argentina | D9: CALLE 520 E/ 7 Y 8 Nº1237 | E9: Tolosa | F9: Tolosa | H9: OK | J9: -34.890608 | K9: -57.983046 | L9: Abrir
A10: Zona 04 - Tolosa | B10: ALAN SOLARI | C10: Calle 7 1185, Tolosa, Buenos Aires, Argentina | D10: 7 Y 520 Nº 1185 | E10: Tolosa | F10: Tolosa | H10: OK | J10: -34.890406 | K10: -57.982214 | L10: Abrir
A11: Zona 04 - Tolosa | B11: ALEJANDRO MESCHINI | C11: Calle 7 177, Tolosa, Buenos Aires, Argentina | D11: 7 177 E/ 530 Y 531 | E11: Tolosa | F11: Tolosa | H11: OK | J11: -34.898831 | K11: -57.970667 | L11: Abrir
A12: Zona 04 - Tolosa | B12: CARLOS TOLOMEO EL DUENDE | C12: Calle 520 928, Tolosa, Buenos Aires, Argentina | D12: 520 E/ 4 Y 5 N928 | E12: Tolosa 2 | F12: Tolosa | H12: OK | J12: -34.887945 | K12: -57.979531 | L12: Abrir
A13: Zona 04 - Tolosa | B13: CHARUTO GROW SHOP | C13: Calle 8 1027, Tolosa, Buenos Aires, Argentina | D13: 8 N°1027 E/ 53 Y 54 | E13: Tolosa | F13: Tolosa | H13: OK | J13: -34.892718 | K13: -57.981571 | L13: Abrir
A14: Zona 04 - Tolosa | B14: GONZALO NAHUEL FERNANDEZ (ALM LA RAMBLA) | C14: Diagonal 524 156, Tolosa, Buenos Aires, Argentina | D14: DIAG 524 Nº156 E/ 18 Y 19 | E14: Tolosa | F14: Tolosa | H14: OK | J14: -34.905635 | K14: -57.987944 | L14: Abrir
A15: Zona 04 - Tolosa | B15: JIANCHAO WU | C15: Calle 116 846, Tolosa, Buenos Aires, Argentina | D15: 116 N 846 E/ 523 Y 524 | E15: Tolosa | F15: Tolosa | H15: OK | J15: -34.886035 | K15: -57.970462 | L15: Abrir
A16: Zona 04 - Tolosa | B16: JIMENEZ NESTOR | C16: Avenida 19 326, Tolosa, Buenos Aires, Argentina | D16: AV 19 E/ 528 Y 529 Nº 326 | E16: Tolosa | F16: Tolosa | H16: OK | J16: -34.909068 | K16: -57.985299 | L16: Abrir
... A31: Zona 04 - Tolosa | B31: TULIZ MARIO | C31: Calle 526 1700, Tolosa, Buenos Aires, Argentina | D31: 526 N 1700 E/ 11 Y 12 | E31: Tolosa | F31: Tolosa | H31: OK | J31: -34.900188 | K31: -57.980818 | L31: Abrir

Sheet Zona 05 Lateral San Carlos
A1: Zona 05 - Lateral San Carlos | B1: CHRISTIAN
A2: 22 puntos de venta
A4: Zona | B4: Punto de venta | C4: Dirección (mapa) | D4: Dirección original | E4: Barrio | F4: Localidad | G4: Observación | H4: Estado | I4: Zona más cercana (si está fuera) | J4: Lat | K4: Lng | L4: Ver en Maps | M4: Corrección aplicada
A5: Zona 05 - Lateral San Carlos | B5: COMBUSTIBLES IDELPLA S.A | C5: Calle 520 y Calle 31, José Hernández, La Plata, Buenos Aires, Argentina | D5: 520 Y 31 ESTACION DE SERVICIO VOY | E5: J. Hernandez | F5: José Hernández, La Plata | H5: OK | J5: -34.91232 | K5: -58.00684 | L5: Abrir
A6: Zona 05 - Lateral San Carlos | B6: JUAN RAUL | C6: Calle 523 3240, José Hernández, La Plata, Buenos Aires, Argentina | D6: 523 3240 E/ 27 Y 28 | E6: J Hernandez | F6: José Hernández, La Plata | H6: OK | J6: -34.912338 | K6: -58.000856 | L6: Abrir
A7: Zona 05 - Lateral San Carlos | B7: AGUEDA REY ESPARZA | C7: Diagonal 73 2626, La Plata, Buenos Aires, Argentina | D7: DIAG 73 º2626 E/ 41 Y 42 | E7: La Plata 3 | F7: La Plata | H7: OK | J7: -34.922298 | K7: -57.972357 | L7: Abrir
A8: Zona 05 - Lateral San Carlos | B8: ELISA ANDIA VALLEJOS | C8: Calle 22 151, La Plata, Buenos Aires, Argentina | D8: 22 Y 35 Nº 151 | E8: La Plata | F8: La Plata | H8: OK | J8: -34.917366 | K8: -57.980934 | L8: Abrir
A9: Zona 05 - Lateral San Carlos | B9: GASTON SMITH | C9: Calle 33 1309, La Plata, Buenos Aires, Argentina | D9: 33 N1309 E 21/ 22 | E9: La Plata 3 | F9: La Plata | H9: OK | J9: -34.914707 | K9: -57.982433 | L9: Abrir
A10: Zona 05 - Lateral San Carlos | B10: GUILLERMO MORRIS (KIOSCO VERDE TOPLINE) | C10: Diagonal 73 y Calle 42, La Plata, Buenos Aires, Argentina | D10: DIAG 73 ESQ 42 Y 21 | E10: La Plata 3 | F10: La Plata | H10: OK | J10: -34.922183 | K10: -57.971979 | L10: Abrir
A11: Zona 05 - Lateral San Carlos | B11: MARIA SOL AMANTE | C11: Diagonal 73 2792, La Plata, Buenos Aires, Argentina | D11: DIAG 73 Nº2792 ESQ 23 Y 40 | E11: La Plata 3 | F11: La Plata | H11: OK | J11: -34.922487 | K11: -57.975795 | L11: Abrir
A12: Zona 05 - Lateral San Carlos | B12: SILVIO BONATTO | C12: Diagonal 73 2724, La Plata, Buenos Aires, Argentina | D12: DIAG 73 Nº2724 E/ 40 Y 41 | E12: La Plata 3 | F12: La Plata | H12: OK | J12: -34.922449 | K12: -57.974883 | L12: Abrir
A13: Zona 05 - Lateral San Carlos | B13: YANINA DA FONSECA - CATALEIA | C13: Calle 33 1800, La Plata, Buenos Aires, Argentina | D13: 33 ESQ 31 º1800 | E13: La Plata | F13: La Plata | H13: OK | J13: -34.923842 | K13: -57.992186 | L13: Abrir
A14: Zona 05 - Lateral San Carlos | B14: ERIC FRANCO SANDI | C14: Calle 520 4878, Melchor Romero, Buenos Aires, Argentina | D14: 520 E/143 Y 144 Nº4878 | E14: M Romero | F14: Melchor Romero | H14: OK | J14: -34.92541 | K14: -58.020553 | L14: Abrir
A15: Zona 05 - Lateral San Carlos | B15: CHEN TENGHUI COMPRA FÁCIL | C15: Calle 137 183, San Carlos, La Plata, Buenos Aires, Argentina | D15: 137 E/ 35 Y 35BIS º183 | E15: San Carlos | F15: San Carlos, La Plata | H15: OK | J15: -34.93232 | K15: -57.996539 | L15: Abrir
A16: Zona 05 - Lateral San Carlos | B16: DANIEL DIDEK | C16: Avenida 38 1969, San Carlos, La Plata, Buenos Aires, Argentina | D16: AV. 38 N 1969 E/ 134 Y 135 | E16: San Carlos | F16: San Carlos, La Plata | H16: OK | J16: -34.931505 | K16: -57.990664 | L16: Abrir
... A26: Zona 05 - Lateral San Carlos | B26: PABLO UYUNI | C26: Calle 25 632, Tolosa, Buenos Aires, Argentina | D26: 25 E/ 525 Y 526 Nº632 | E26: Tolosa | F26: Tolosa | H26: OK | J26: -34.912064 | K26: -57.994881 | L26: Abrir

Sheet Zona 06 Hipodromo
A1: Zona 06 - Hipodromo | B1: CHRISTIAN
A2: 25 puntos de venta
A4: Zona | B4: Punto de venta | C4: Dirección (mapa) | D4: Dirección original | E4: Barrio | F4: Localidad | G4: Observación | H4: Estado | I4: Zona más cercana (si está fuera) | J4: Lat | K4: Lng | L4: Ver en Maps | M4: Corrección aplicada
A5: Zona 06 - Hipodromo | B5: DIEGO HERRERA | C5: Calle 125 166, Ensenada, Buenos Aires, Argentina | D5: 125 E/ 35 BIS NUM 166 | E5: Ensenada | F5: Ensenada | H5: OK | J5: -34.887038 | K5: -57.947305 | L5: Abrir
A6: Zona 06 - Hipodromo | B6: ESTEBAN- LOS OLIVOS GAS S.A (AXION) | C6: Calle 122 716, Ensenada, Buenos Aires, Argentina | D6: 122 N°716 | E6: Ensenada | F6: Ensenada | H6: OK | J6: -34.898298 | K6: -57.938523 | L6: Abrir
A7: Zona 06 - Hipodromo | B7: GARABANO FERNANDO - KIOSCO UNDER ENSENADA | C7: Calle 122 157, Ensenada, Buenos Aires, Argentina | D7: N157 122 Y 35 | E7: Ensenada | F7: Ensenada | H7: OK | J7: -34.889888 | K7: -57.950648 | L7: Abrir
A8: Zona 06 - Hipodromo | B8: JESSICA REYES CERNA | C8: Calle 38 71, Ensenada, Buenos Aires, Argentina | D8: 38 N°71 E/ 127 Y 128 | E8: Ensenada | F8: Ensenada | H8: OK | J8: -34.891449 | K8: -57.946343 | L8: Abrir
A9: Zona 06 - Hipodromo | B9: RODOLFO MARCELO MARTIN MOLINA (NANCY) | C9: Calle 124 1489, Ensenada, Buenos Aires, Argentina | D9: 124 E/ 5 Y 6 Nº 1489 | E9: Ensenada | F9: Ensenada | H9: OK | J9: -34.900333 | K9: -57.932836 | L9: Abrir
A10: Zona 06 - Hipodromo | B10: VALERIA JALDIN (126 DIQUE) | C10: Calle 126 y Calle 48, Ensenada, Buenos Aires, Argentina | D10: 126 E/ 48 Y 48 BIS | E10: Ensenada | F10: Ensenada | H10: OK | J10: -34.8969 | K10: -57.933653 | L10: Abrir
A11: Zona 06 - Hipodromo | B11: ANTOJOS KIOSCO AMARILLO | C11: Diagonal 80 678, La Plata, Buenos Aires, Argentina | D11: DIAG 80 º678 E/ 1 Y 2 | E11: La Plata | F11: La Plata | H11: OK | J11: -34.90638 | K11: -57.948849 | L11: Abrir
A12: Zona 06 - Hipodromo | B12: CARINA MORA LLANOS | C12: Diagonal 80 710, La Plata, Buenos Aires, Argentina | D12: DIAG 80 ESQ 2 º710 | E12: La Plata | F12: La Plata | H12: OK | J12: -34.907255 | K12: -57.948752 | L12: Abrir
A13: Zona 06 - Hipodromo | B13: DIEGO MIGUEL CERDA (KIOSCO 74 STOP) | C13: Diag74 118, La Plata, Buenos Aires, Argentina | D13: DIAG74 n118 e/BOULEVARD 83 Y 119 | E13: La Plata | F13: La Plata | H13: OK | J13: -34.891558 | K13: -57.956227 | L13: Abrir
A14: Zona 06 - Hipodromo | B14: DISTRI RAICES - COOP. SAN PEDRO | C14: Calle 32 286, La Plata, Buenos Aires, Argentina | D14: 32 E/ 1 Y 115 N286 | E14: La Plata | F14: La Plata | H14: OK | J14: -34.894823 | K14: -57.962316 | L14: Abrir
A15: Zona 06 - Hipodromo | B15: ENRIQUE GUILLERMO JONGEWAARD | C15: Diag.80 254, La Plata, Buenos Aires, Argentina | D15: DIAG.80 N°254 E 117Y118 | F15: La Plata | H15: OK | J15: -34.898861 | K15: -57.949319 | L15: Abrir
A16: Zona 06 - Hipodromo | B16: ESTEFANIA ROJAS | C16: Diagonal 80 465, La Plata, Buenos Aires, Argentina | D16: DIAG 80 Nº 465 E/ 115 Y 116 | E16: La Plata | F16: La Plata | H16: OK | J16: -34.902589 | K16: -57.949475 | L16: Abrir
A17: Zona 06 - Hipodromo | B17: GISELA SOLEDAD LLANOS | C17: Calle 37 182, La Plata, Buenos Aires, Argentina | D17: CALLE 37 N182 E/ 116 Y 117 FRENTE A HOSPITAL ROSSI | E17: La Plata | F17: La Plata | H17: OK | J17: -34.896952 | K17: -57.954609 | L17: Abrir
A18: Zona 06 - Hipodromo | B18: HORACIO STREMEL | C18: Calle 1 599, La Plata, Buenos Aires, Argentina | D18: 1 Y 44 º599 | E18: La Plata | F18: La Plata | H18: OK | J18: -34.904347 | K18: -57.950111 | L18: Abrir | M18: Pin corregido según la grilla de calles de La Plata
A19: Zona 06 - Hipodromo | B19: LLAMAR ANTES - LUCIANO DIANA (KIOSCO PARADA 1) | C19: Avenida 1 631, La Plata, Buenos Aires, Argentina | D19: AV 1 N°631 e/ 44 Y 45 | E19: La Plata | F19: La Plata | H19: OK | J19: -34.905708 | K19: -57.948597 | L19: Abrir
A20: Zona 06 - Hipodromo | B20: MARIANA ESCRICH | C20: Calle 39 y Diagonal 114, La Plata, Buenos Aires, Argentina | D20: 39 Y DIAG 114 | E20: La Plata | F20: La Plata | H20: OK | J20: -34.89564 | K20: -57.948038 | L20: Abrir
A21: Zona 06 - Hipodromo | B21: MARTIN ARREGUI (RELOJES ARREGUI) | C21: Calle 1 575, La Plata, Buenos Aires, Argentina | D21: 1 Nº 575 E/ 43 Y 44 | E21: La Plata | F21: La Plata | H21: OK | J21: -34.903985 | K21: -57.950598 | L21: Abrir | M21: Pin corregido según la grilla de calles de La Plata
A22: Zona 06 - Hipodromo | B22: MAURO GONZALEZ | C22: Calle 2 631, La Plata, Buenos Aires, Argentina | D22: 2 N°631 E/ 44 Y 45 | E22: La Plata | F22: La Plata | H22: OK | J22: -34.906749 | K22: -57.949675 | L22: Abrir | M22: Caía en el solape zonas 5/17: asignado a 17 (Melchor Romero)
A23: Zona 06 - Hipodromo | B23: REAL IMPERIO LA REINA | C23: Avenida 1 604, La Plata, Buenos Aires, Argentina | D23: AV 1 604 ESQ 44 | E23: La Plata | F23: La Plata | H23: OK | J23: -34.905052 | K23: -57.948801 | L23: Abrir
A24: Zona 06 - Hipodromo | B24: ROXANA LUJAN | C24: Calle 38 35, La Plata, Buenos Aires, Argentina | D24: 38 Nº35 E/ 120 Y 121 | E24: La Plata | F24: La Plata | H24: OK | J24: -34.894947 | K24: -57.950653 | L24: Abrir
A25: Zona 06 - Hipodromo | B25: SANZ JAVIER | C25: Calle 36 228, La Plata, Buenos Aires, Argentina | D25: 36 Y DIAGONAL 74 º228 - SHELL | E25: La Plata | F25: La Plata | H25: OK | J25: -34.89701 | K25: -57.956647 | L25: Abrir
A26: Zona 06 - Hipodromo | B26: SARA VANESSA CARBAJAL | C26: Calle 40 87, La Plata, Buenos Aires, Argentina | D26: calle 40 E 118 Y 119 n87 | E26: La Plata | F26: La Plata | H26: OK | J26: -34.894967 | K26: -57.945959 | L26: Abrir
A27: Zona 06 - Hipodromo | B27: SILVIA PORCO | C27: Calle 42 308, La Plata, Buenos Aires, Argentina | D27: 42 Nº308 E/ 1 Y 2 | E27: La Plata | F27: La Plata | H27: OK | J27: -34.903708 | K27: -57.951488 | L27: Abrir
A28: Zona 06 - Hipodromo | B28: SOLEDAD CISNEROS | C28: Calle 2 y Calle 45, La Plata, Buenos Aires, Argentina | D28: CALLE 2 E/ 45 Y 46 | E28: La Plata | F28: La Plata | H28: OK | J28: -34.906071 | K28: -57.949848 | L28: Abrir
A29: Zona 06 - Hipodromo | B29: VIVIANA ERRAMOUSPE | C29: Calle 40 92, La Plata, Buenos Aires, Argentina | D29: 40 º92 DIAG 80 | E29: La Plata | F29: La Plata | H29: OK | J29: -34.894742 | K29: -57.946328 | L29: Abrir

Sheet Zona 07 Lateral Norte
A1: Zona 07 - Lateral Norte | B1: CHRISTIAN
A2: 32 puntos de venta
A4: Zona | B4: Punto de venta | C4: Dirección (mapa) | D4: Dirección original | E4: Barrio | F4: Localidad | G4: Observación | H4: Estado | I4: Zona más cercana (si está fuera) | J4: Lat | K4: Lng | L4: Ver en Maps | M4: Corrección aplicada
A5: Zona 07 - Lateral Norte | B5: ADRIANA LORENA LEDESMA LO DE ADRY | C5: Calle 31 2332, José Hernández, La Plata, Buenos Aires, Argentina | D5: 31 E/ 508 Y 509 º2332 | E5: José Hernández | F5: José Hernández, La Plata | H5: OK | J5: -34.917095 | K5: -57.969263 | L5: Abrir
A6: Zona 07 - Lateral Norte | B6: MATIAS RAMOS | C6: Calle 133 2281, José Hernández, La Plata, Buenos Aires, Argentina | D6: 133 º2281 E/ 509 Y 510 | E6: José Hernández | F6: José Hernández, La Plata | H6: OK | J6: -34.917095 | K6: -57.969263 | L6: Abrir
A7: Zona 07 - Lateral Norte | B7: BONTEMPO RAMIRO | C7: Plaza Paso 51, La Plata, Buenos Aires, Argentina | D7: PLAZA PASO N 51 ESQ. 13 Y 44 | E7: La Plata | F7: La Plata | H7: OK | J7: -34.916988 | K7: -57.961736 | L7: Abrir
A8: Zona 07 - Lateral Norte | B8: DAMIAN ZLATAR - KIOSCO RUMBO | C8: Calle 12 649, La Plata, Buenos Aires, Argentina | D8: CALLE 12 N649 ESQ 45 | E8: La Plata | F8: La Plata | H8: OK | J8: -34.916202 | K8: -57.959436 | L8: Abrir
A9: Zona 07 - Lateral Norte | B9: FEDERICO KOLENDER | C9: Calle 12 805, La Plata, Buenos Aires, Argentina | D9: 12 805 E/ 48 Y 49 | E9: La Plata | F9: La Plata | H9: OK | J9: -34.91861 | K9: -57.956301 | L9: Abrir
A10: Zona 07 - Lateral Norte | B10: FIAMMA MAZZEO | C10: Calle 46 y Calle 11, La Plata, Buenos Aires, Argentina | D10: 46 Y 11 | E10: La Plata | F10: La Plata | H10: OK | J10: -34.916073 | K10: -57.957185 | L10: Abrir
A11: Zona 07 - Lateral Norte | B11: FLOR LIMA | C11: Calle 14 387, La Plata, Buenos Aires, Argentina | D11: CALLE 14 N 387 E 39 Y 40 | E11: La Plata | F11: La Plata | H11: OK | J11: -34.913728 | K11: -57.967472 | L11: Abrir
A12: Zona 07 - Lateral Norte | B12: GARABANO FERNANDO - KIOSCO UNDER | C12: Calle 12 510, La Plata, Buenos Aires, Argentina | D12: 12 510 e/ 42 Y 43 | E12: La Plata | F12: La Plata | H12: OK | J12: -34.914175 | K12: -57.961713 | L12: Abrir
A13: Zona 07 - Lateral Norte | B13: GENEIRO LILIANA | C13: Calle 46 856, La Plata, Buenos Aires, Argentina | D13: 46 856 E/ 12 Y 13 | E13: La Plata | F13: La Plata | H13: OK | J13: -34.917338 | K13: -57.958137 | L13: Abrir
A14: Zona 07 - Lateral Norte | B14: GRISELLA VILLIVA | C14: Calle 42 1147, La Plata, Buenos Aires, Argentina | D14: 42 º1147 ESQ 18 | E14: La Plata 3 | F14: La Plata | H14: OK | J14: -34.919103 | K14: -57.968863 | L14: Abrir
A15: Zona 07 - Lateral Norte | B15: HORACIO TILBE (JUAN) LP | C15: Calle 44 799, La Plata, Buenos Aires, Argentina | D15: 44 N 799 Y 11 | E15: La Plata | F15: La Plata | H15: OK | J15: -34.913887 | K15: -57.960192 | L15: Abrir | M15: Pin corregido según la grilla de calles de La Plata
A16: Zona 07 - Lateral Norte | B16: JUAN PABLO BISOGNI | C16: Calle 15 1004, La Plata, Buenos Aires, Argentina | D16: CALLE 15 1004 ESQ 44 | E16: La Plata | F16: La Plata | H16: OK | J16: -34.917703 | K16: -57.964224 | L16: Abrir | M16: Pin corregido según la grilla de calles de La Plata
A17: Zona 07 - Lateral Norte | B17: KAPRI ALONZO LUIS PLAZA N°41 | C17: Plaza Paso 41, La Plata, Buenos Aires, Argentina | D17: PLAZA PASO N 41 | E17: La Plata | F17: La Plata | H17: OK | J17: -34.915727 | K17: -57.961885 | L17: Abrir
A18: Zona 07 - Lateral Norte | B18: LIN JIANLIN | C18: Calle 15 380, La Plata, Buenos Aires, Argentina | D18: 15 E/ 39 Y 40 Nº380 | E18: La Plata 3 | F18: La Plata | H18: OK | J18: -34.914292 | K18: -57.968296 | L18: Abrir
A19: Zona 07 - Lateral Norte | B19: LIU XIUYAN | C19: Calle 13 643, La Plata, Buenos Aires, Argentina | D19: 13 Nº 643 E/ 44 Y 45 | E19: La Plata | F19: La Plata | H19: OK | J19: -34.917251 | K19: -57.960466 | L19: Abrir
A20: Zona 07 - Lateral Norte | B20: LUCAS NUÑEZ | C20: Calle 49 874, La Plata, Buenos Aires, Argentina | D20: 49 E/ 12 Y 13 º874 | E20: La Plata | F20: La Plata | H20: OK | J20: -34.919503 | K20: -57.95585 | L20: Abrir
A21: Zona 07 - Lateral Norte | B21: MARILIN ALEJANDRA BISIO | C21: Calle 13 21, La Plata, Buenos Aires, Argentina | D21: 13 ENTRE 32 Y 33 Nº 21 | E21: La Plata 3 | F21: La Plata | H21: OK | J21: -34.906691 | K21: -57.974623 | L21: Abrir | M21: Caía en el solape zonas 5/17: asignado a 17 (Melchor Romero)
A22: Zona 07 - Lateral Norte | B22: MAURICIO EZEQUIEL GONZÁLEZ | C22: Calle 47 846, La Plata, Buenos Aires, Argentina | D22: 47 846 E/ 11 Y 12 | E22: La Plata | F22: La Plata | H22: OK | J22: -34.917619 | K22: -57.957013 | L22: Abrir
A23: Zona 07 - Lateral Norte | B23: MAXIMILIANO DALLERA | C23: Calle 38 1053, La Plata, Buenos Aires, Argentina | D23: 38 n1053 ESQ 16 | E23: La Plata 3 | F23: La Plata | H23: OK | J23: -34.914046 | K23: -57.971561 | L23: Abrir
A24: Zona 07 - Lateral Norte | B24: MIA PECEROS | C24: Calle 13 723, La Plata, Buenos Aires, Argentina | D24: 13 N723 E46 Y 47 | E24: La Plata Centro | F24: La Plata | H24: OK | J24: -34.918471 | K24: -57.958895 | L24: Abrir
A25: Zona 07 - Lateral Norte | B25: NOTO JAVIER ALEJANDRO | C25: Calle 18 221, La Plata, Buenos Aires, Argentina | D25: 18 N 221 E 36 Y 37 | E25: La Plata 3 | F25: La Plata | H25: OK | J25: -34.914557 | K25: -57.975396 | L25: Abrir
A26: Zona 07 - Lateral Norte | B26: RAUL HERNÁN ANDIA VALLEJOS | C26: Calle 41 y Calle 16, La Plata, Buenos Aires, Argentina | D26: 41 ESQ 16 - VERDULERÍA | E26: La Plata 3 | F26: La Plata | H26: OK | J26: -34.916609 | K26: -57.967928 | L26: Abrir
A27: Zona 07 - Lateral Norte | B27: SANTIAGO ARIAS LOS BÚHOS | C27: Calle 19 13, La Plata, Buenos Aires, Argentina | D27: 19 E/ 32 Y 33 Nº 13 | E27: La Plata | F27: La Plata | H27: OK | J27: -34.913209 | K27: -57.979466 | L27: Abrir | M27: Pin corregido según la grilla de calles de La Plata
A28: Zona 07 - Lateral Norte | B28: SCHNEIDER DANIEL | C28: Calle 19 149, La Plata, Buenos Aires, Argentina | D28: 19 Y 35 N 149 | E28: La Plata | F28: La Plata | H28: OK | J28: -34.915016 | K28: -57.977029 | L28: Abrir | M28: Pin corregido según la grilla de calles de La Plata
A29: Zona 07 - Lateral Norte | B29: SEBASTIAN DEL DAGO | C29: Calle 13 701, La Plata, Buenos Aires, Argentina | D29: 13 701 E/ 46 Y 47 | E29: La Plata Centro | F29: La Plata | H29: OK | J29: -34.918207 | K29: -57.959276 | L29: Abrir
A30: Zona 07 - Lateral Norte | B30: SUPER SEBASTIAN | C30: Calle 15 y Calle 36, La Plata, Buenos Aires, Argentina | D30: 15 Y 36 | E30: La Plata 3 | F30: La Plata | H30: OK | J30: -34.911568 | K30: -57.972592 | L30: Abrir
A31: Zona 07 - Lateral Norte | B31: SUPERMERCADO LA LINDA | C31: Calle 47 836, La Plata, Buenos Aires, Argentina | D31: 47 N836 E/ 11 Y 12 | E31: La Plata | F31: La Plata | H31: OK | J31: -34.917577 | K31: -57.956582 | L31: Abrir
A32: Zona 07 - Lateral Norte | B32: TERESA RAMONA GALARZA | C32: Calle 19 436, La Plata, Buenos Aires, Argentina | D32: 19 E/ 40 Y 41 Nº436 | E32: La Plata 3 | F32: La Plata | H32: OK | J32: -34.91899 | K32: -57.971668 | L32: Abrir | M32: Pin corregido según la grilla de calles de La Plata
A33: Zona 07 - Lateral Norte | B33: TORRES MARTA ELENA | C33: Calle 35 1053, La Plata, Buenos Aires, Argentina | D33: 35 1053 ESQ. 16 | E33: La Plata 3 | F33: La Plata | H33: OK | J33: -34.911506 | K33: -57.974912 | L33: Abrir
A34: Zona 07 - Lateral Norte | B34: VICTORIA GOICOECHEA - KIOSCO PEPO | C34: Calle 44 833, La Plata, Buenos Aires, Argentina | D34: 44 Nº 833 E/ 11 Y 12 | E34: La Plata | F34: La Plata | H34: OK | J34: -34.914364 | K34: -57.960696 | L34: Abrir | M34: Pin corregido según la grilla de calles de La Plata
A35: Zona 07 - Lateral Norte | B35: YE JIAFENG | C35: Calle 14 195, La Plata, Buenos Aires, Argentina | D35: 14 Nº 195 E/ 35 Y 36 | E35: La Plata 3 | F35: La Plata | H35: OK | J35: -34.910466 | K35: -57.971908 | L35: Abrir
A36: Zona 07 - Lateral Norte | B36: CHI GUAQUAN (SUPER EL DRAGON) | C36: Calle 19 186, Tolosa, Buenos Aires, Argentina | D36: 19 E/35 Y 36 Nº186 | E36: Tolosa | F36: Tolosa | H36: OK | J36: -34.915377 | K36: -57.976542 | L36: Abrir | M36: Pin corregido según la grilla de calles de La Plata

Sheet Zona 08 Lateral Centro Nor
A1: Zona 08 - Lateral Centro Norte | B1: PABLO
A2: 25 puntos de venta
A4: Zona | B4: Punto de venta | C4: Dirección (mapa) | D4: Dirección original | E4: Barrio | F4: Localidad | G4: Observación | H4: Estado | I4: Zona más cercana (si está fuera) | J4: Lat | K4: Lng | L4: Ver en Maps | M4: Corrección aplicada
A5: Zona 08 - Lateral Centro Norte | B5: BALDASSO NOELIA (EX FLAVIA GISELE MARINO) | C5: Calle 6 96, La Plata, Buenos Aires, Argentina | D5: 6 Nº96 E/ 33 Y 34 | E5: La Plata | F5: La Plata | H5: OK | J5: -34.901045 | K5: -57.965639 | L5: Abrir
A6: Zona 08 - Lateral Centro Norte | B6: BECERRA ZAFRA 47 Y 5 ALEIVIN | C6: Calle 47 503, La Plata, Buenos Aires, Argentina | D6: 47 ESQUINA 5 N 503 | E6: La Plata | F6: La Plata | H6: OK | J6: -34.91115 | K6: -57.950212 | L6: Abrir
A7: Zona 08 - Lateral Centro Norte | B7: BITURON BLANCA CRISTINA (KATERINA) | C7: Pza Italia 10, La Plata, Buenos Aires, Argentina | D7: PZA ITALIA N°10 E/ 44 Y DIAG 74 | E7: La Plata | F7: La Plata | H7: OK | J7: -34.909857 | K7: -57.954776 | L7: Abrir
A8: Zona 08 - Lateral Centro Norte | B8: CAMILA CAMAÑO | C8: Diagonal 80 1032, La Plata, Buenos Aires, Argentina | D8: DIAGONAL 80 E/ 49 Y 50 º1032 | E8: La Plata | F8: La Plata | H8: OK | J8: -34.912971 | K8: -57.948422 | L8: Abrir
A9: Zona 08 - Lateral Centro Norte | B9: CARLA - FULL 365 (FRENTE TERMINAL) | C9: Calle 42 440, La Plata, Buenos Aires, Argentina | D9: 42 440 E 3 Y 4 | E9: La Plata | F9: La Plata | H9: OK | J9: -34.90615 | K9: -57.954072 | L9: Abrir
A10: Zona 08 - Lateral Centro Norte | B10: CULTURA DE LONGSHAN | C10: Calle 3 325, La Plata, Buenos Aires, Argentina | D10: 3 E/ 38 Y 39 Nº325 | E10: La Plata | F10: La Plata | H10: OK | J10: -34.902424 | K10: -57.957519 | L10: Abrir
A11: Zona 08 - Lateral Centro Norte | B11: DANIEL SOLARI | C11: Diagonal 74 1150, La Plata, Buenos Aires, Argentina | D11: DIAG 74 E/ 6 Y PZA ITALIA N°1150 | E11: La Plata | F11: La Plata | H11: OK | J11: -34.909694 | K11: -57.955126 | L11: Abrir
A12: Zona 08 - Lateral Centro Norte | B12: DRUGSTORE 6Y43 - MATIAS PASCUAL | C12: Calle 6 y Calle 43, La Plata, Buenos Aires, Argentina | D12: ESQ 6 Y 43 | E12: La Plata | F12: La Plata | H12: OK | J12: -34.908394 | K12: -57.956126 | L12: Abrir | M12: Pin corregido según la grilla de calles de La Plata
A13: Zona 08 - Lateral Centro Norte | B13: FACHAL SANTIAGO | C13: Calle 48 516, La Plata, Buenos Aires, Argentina | D13: 48 E/ 5 Y 6 N 516 | E13: La Plata | F13: La Plata | H13: OK | J13: -34.912265 | K13: -57.949317 | L13: Abrir
A14: Zona 08 - Lateral Centro Norte | B14: GABRIEL RAMIREZ - MAXIKIOSCO 46 | C14: Calle 3 407, La Plata, Buenos Aires, Argentina | D14: 3 ESQ 46 N 407 JUSTO ESQUINA | E14: La Plata | F14: La Plata | H14: OK | J14: -34.9077 | K14: -57.950177 | L14: Abrir | M14: Pin corregido según la grilla de calles de La Plata
A15: Zona 08 - Lateral Centro Norte | B15: JUAN CARLOS CAMPOS | C15: Calle 50 461, La Plata, Buenos Aires, Argentina | D15: 50 461 E/ 4 Y 5 | E15: La Plata | F15: La Plata | H15: OK | J15: -34.912131 | K15: -57.947024 | L15: Abrir
A16: Zona 08 - Lateral Centro Norte | B16: LEONARDO D'ALOISIO MAXIKIOSCO POP | C16: Calle 43 548, La Plata, Buenos Aires, Argentina | D16: 43 º548 ESQ 6 Y DIAG 74 | E16: La Plata | F16: La Plata | H16: OK | J16: -34.908877 | K16: -57.955162 | L16: Abrir
A17: Zona 08 - Lateral Centro Norte | B17: LIU DONG | C17: Calle 4 868, La Plata, Buenos Aires, Argentina | D17: 4 N°868 E/ 49 Y 50 | E17: La Plata | F17: La Plata | H17: OK | J17: -34.911635 | K17: -57.947044 | L17: Abrir
A18: Zona 08 - Lateral Centro Norte | B18: LUIS EZEQUIEL LUCE | C18: Calle 45 549, La Plata, Buenos Aires, Argentina | D18: 45 E/ 5 Y 6 º549 | E18: La Plata | F18: La Plata | H18: OK | J18: -34.910388 | K18: -57.952976 | L18: Abrir
A19: Zona 08 - Lateral Centro Norte | B19: MANUEL DIAZ | C19: Calle 47 545, La Plata, Buenos Aires, Argentina | D19: 47 545 E/ 5 Y 6 | E19: Centro La Plata | F19: La Plata | H19: OK | J19: -34.911946 | K19: -57.951 | L19: Abrir
A20: Zona 08 - Lateral Centro Norte | B20: MARCELA Y HUGO | C20: Calle 47 545, La Plata, Buenos Aires, Argentina | D20: CALLE 47 Nº 545 CASI ESQ. 6 | E20: La Plata | F20: La Plata | H20: OK | J20: -34.911946 | K20: -57.951 | L20: Abrir
A21: Zona 08 - Lateral Centro Norte | B21: NEYRA JOAQUIN 49 | C21: Calle 49 519, La Plata, Buenos Aires, Argentina | D21: 49 N 519 Y DIAG. 80 | E21: La Plata | F21: La Plata | H21: OK | J21: -34.912738 | K21: -57.948719 | L21: Abrir
A22: Zona 08 - Lateral Centro Norte | B22: NEYRA JOAQUIN DIAG 80 | C22: Diagonal 80 1087, La Plata, Buenos Aires, Argentina | D22: DIAGONAL 80 N 1087 E/ 5 Y 6 | E22: La Plata | F22: La Plata | H22: OK | J22: -34.9135 | K22: -57.948762 | L22: Abrir
A23: Zona 08 - Lateral Centro Norte | B23: NO STOP 5 Y 42 JOAQUÍN CUERVO | C23: Calle 5 500, La Plata, Buenos Aires, Argentina | D23: 5 º500 ESQ 42 | E23: La Plata | F23: La Plata | H23: OK | J23: -34.907022 | K23: -57.955534 | L23: Abrir
A24: Zona 08 - Lateral Centro Norte | B24: NO STOP 7 N 566 JULIAN | C24: Plaza Italia 566, La Plata, Buenos Aires, Argentina | D24: PLAZA ITALIA Y 7 N 566 | E24: La Plata | F24: La Plata | H24: OK | J24: -34.911001 | K24: -57.954434 | L24: Abrir
A25: Zona 08 - Lateral Centro Norte | B25: PABLO CAVALLO | C25: Calle 48 523, La Plata, Buenos Aires, Argentina | D25: 48 Nº523 E/ 5 Y 6 | E25: La Plata | F25: La Plata | H25: OK | J25: -34.912129 | K25: -57.949845 | L25: Abrir
A26: Zona 08 - Lateral Centro Norte | B26: PAOLA MANSINO | C26: Calle 7 542, La Plata, Buenos Aires, Argentina | D26: 7 Nº 542 E/ 42 Y 43 | E26: La Plata | F26: La Plata | H26: OK | J26: -34.909472 | K26: -57.956539 | L26: Abrir
... A28: Zona 08 - Lateral Centro Norte | B28: VALLEJOS CARINA | C28: Calle 3 200, La Plata, Buenos Aires, Argentina | D28: 3 Y 36 N 200 | E28: La Plata | F28: La Plata | H28: OK | J28: -34.900159 | K28: -57.960117 | L28: Abrir
A29: Zona 08 - Lateral Centro Norte | B29: YANI YUSSO | C29: Calle 51 355, La Plata, Buenos Aires, Argentina | D29: 51 º355 E/ 2 Y 3 | E29: La Plata | F29: La Plata | H29: OK | J29: -34.910836 | K29: -57.9448 | L29: Abrir | M29: Pin corregido según la grilla de calles de La Plata

Sheet Zona 9 Noroeste
A1: Zona 10 - Noroeste | B1: PABLO
A2: 23 puntos de venta
A4: Zona | B4: Punto de venta | C4: Dirección (mapa) | D4: Dirección original | E4: Barrio | F4: Localidad | G4: Observación | H4: Estado | I4: Zona más cercana (si está fuera) | J4: Lat | K4: Lng | L4: Ver en Maps | M4: Corrección aplicada
A5: Zona 10 - Noroeste | B5: ASTROGROW (JOAQUIN) | C5: Avenida 19 996, La Plata, Buenos Aires, Argentina | D5: AV 19 E/ 51 Y 53 º996 | E5: La Plata 3 | F5: La Plata | H5: OK | J5: -34.92721 | K5: -57.960073 | L5: Abrir
A6: Zona 10 - Noroeste | B6: JUAN (EX ROMINA GARRAFA KIOSCO) | C6: Calle 25 y Calle 44, La Plata, Buenos Aires, Argentina | D6: 25 Y 44 | E6: La Plata | F6: La Plata | H6: OK | J6: -34.927243 | K6: -57.974305 | L6: Abrir | M6: Pin corregido según la grilla de calles de La Plata
A7: Zona 10 - Noroeste | B7: KIOSCO PARADA ZERO (RUBEN COELHO) | C7: Calle 20 898, La Plata, Buenos Aires, Argentina | D7: 20 ESQ 50 º898 | E7: La Plata 3 | F7: La Plata | H7: OK | J7: -34.926829 | K7: -57.963081 | L7: Abrir
A8: Zona 10 - Noroeste | B8: LIN HANGWEI | C8: Calle 46 1376, La Plata, Buenos Aires, Argentina | D8: 46 E/ 22 Y 23 Nº1376 | E8: La Plata | F8: La Plata | H8: OK | J8: -34.927002 | K8: -57.968845 | L8: Abrir
A9: Zona 10 - Noroeste | B9: LIN HANGWEI (SUPER EL DRAGON) | C9: Calle 46 1376, La Plata, Buenos Aires, Argentina | D9: 46 E/ 22 Y 23 N°1376 | E9: La Plata 3 | F9: La Plata | H9: OK | J9: -34.927002 | K9: -57.968845 | L9: Abrir
A10: Zona 10 - Noroeste | B10: LIN XINYI | C10: Calle 49 1510, La Plata, Buenos Aires, Argentina | D10: 49 E/ 25 Y 26 Nº 1510 | E10: La Plata 3 | F10: La Plata | H10: OK | J10: -34.931494 | K10: -57.969088 | L10: Abrir
A11: Zona 10 - Noroeste | B11: LIN XIUMEI | C11: Calle 54 1332, La Plata, Buenos Aires, Argentina | D11: 54 º1332 E/ 21 Y 22 | E11: La Plata 3 | F11: La Plata | H11: OK | J11: -34.930481 | K11: -57.961969 | L11: Abrir
A12: Zona 10 - Noroeste | B12: LORENA MARTINEZ | C12: Calle 49 1082, La Plata, Buenos Aires, Argentina | D12: 49 E 16 Y 17 N°1082 | F12: La Plata | H12: OK | J12: -34.923472 | K12: -57.960207 | L12: Abrir
A13: Zona 10 - Noroeste | B13: MARIELA NAQUED - NEIKY MARKET | C13: Calle 25 y Calle 54, La Plata, Buenos Aires, Argentina | D13: 25 Y 54 | E13: La Plata 3 | F13: La Plata | H13: OK | J13: -34.933635 | K13: -57.965615 | L13: Abrir
A14: Zona 10 - Noroeste | B14: MERIDA FERNANDO JOSE | C14: Calle 51 1147, La Plata, Buenos Aires, Argentina | D14: 51 Y 18 N 1147 | E14: La Plata 3 | F14: La Plata | H14: OK | J14: -34.925541 | K14: -57.960332 | L14: Abrir
A15: Zona 10 - Noroeste | B15: NAHUEL DE LEO AUTOSERVICIO AMICCI | C15: Calle 48 1267, La Plata, Buenos Aires, Argentina | D15: 48 º1267 E/ 20 Y 21 | E15: La Plata | F15: La Plata | H15: OK | J15: -34.926177 | K15: -57.965115 | L15: Abrir
A16: Zona 10 - Noroeste | B16: NICOLAS FEDERICO DEL CORAZON DE JESUS ESCUDIER | C16: Diagonal 73 2015, La Plata, Buenos Aires, Argentina | D16: DIAG 73 º 2015 ESQ 48 | E16: La Plata | F16: La Plata | H16: OK | J16: -34.921451 | K16: -57.959595 | L16: Abrir
A17: Zona 10 - Noroeste | B17: NICOLAS VALLEJOS (EX SUSANA VERDULERÍA) | C17: Calle 19 y Calle 56, La Plata, Buenos Aires, Argentina | D17: 19 Y 56 | E17: La Plata 3 | F17: La Plata | H17: OK | J17: -34.92915 | K17: -57.95818 | L17: Abrir
A18: Zona 10 - Noroeste | B18: PABLO COSTANTINO - DE TODO UN POCO | C18: Diagonal 73 2089, La Plata, Buenos Aires, Argentina | D18: DIAG. 73 Nº 2089 ESQ. 16 | E18: La Plata 3 | F18: La Plata | H18: OK | J18: -34.921539 | K18: -57.961105 | L18: Abrir
A19: Zona 10 - Noroeste | B19: WALTER DANIEL INAMA | C19: Calle 56 1674, La Plata, Buenos Aires, Argentina | D19: 56 N°1674 E/ 28 Y 29 | E19: La Plata 3 | F19: La Plata | H19: OK | J19: -34.938111 | K19: -57.967546 | L19: Abrir
A20: Zona 10 - Noroeste | B20: WALTER HUGO TOBARES | C20: Calle 46 1386, La Plata, Buenos Aires, Argentina | D20: 46 º1386 E/ 22 Y 23 | E20: La Plata 3 | F20: La Plata | H20: OK | J20: -34.927178 | K20: -57.96911 | L20: Abrir
A21: Zona 10 - Noroeste | B21: YRIS CARDOZO | C21: Calle 48 1004, La Plata, Buenos Aires, Argentina | D21: 48 E/ 15 Y DIAG 73 º1004 | E21: La Plata 3 | F21: La Plata | H21: OK | J21: -34.921383 | K21: -57.959502 | L21: Abrir
A22: Zona 10 - Noroeste | B22: ZHANG DONG | C22: Calle 17 779, La Plata, Buenos Aires, Argentina | D22: 17 Nº779 E/ 47 Y 48 | E22: La Plata/2 | F22: La Plata | H22: OK | J22: -34.922846 | K22: -57.961905 | L22: Abrir
A23: Zona 10 - Noroeste | B23: ZHENG AIFENG | C23: Calle 28 1297, La Plata, Buenos Aires, Argentina | D23: 28 Y 59 N 1297 | E23: La Plata 3 | F23: La Plata | H23: OK | J23: -34.939717 | K23: -57.964656 | L23: Abrir
A24: Zona 10 - Noroeste | B24: KIOSCO EL DESPACHITO ARIEL | C24: Calle 47 y Calle 28, San Carlos, La Plata, Buenos Aires, Argentina | D24: 47 Y 28 ESQUINA | E24: San Carlos | F24: San Carlos, La Plata | H24: OK | J24: -34.93024 | K24: -57.97689 | L24: Abrir
A25: Zona 10 - Noroeste | B25: VANINA AUTOSERVICIO (AGUS Y TOMI) | C25: Avenida 31 478, San Carlos, La Plata, Buenos Aires, Argentina | D25: AV 31 E/ 527 Y 528 Nº478 | E25: San Carlos | F25: San Carlos, La Plata | H25: OK | J25: -34.930952 | K25: -57.982529 | L25: Abrir
A26: Zona 10 - Noroeste | B26: GUSTAVO PASCUAL (POLIRRUBRO COLOR AMARILLO) | C26: C. 22 y Calle 44, Tolosa, Buenos Aires, Argentina | D26: C. 22 Y 44 602 (JUSTO EN LA ESQUINA) | E26: Tolosa | F26: Tolosa | H26: OK | J26: -34.924381 | K26: -57.971281 | L26: Abrir | M26: Pin corregido según la grilla de calles de La Plata
A27: Zona 10 - Noroeste | B27: KIOSCO LA PLAZA (ZURITA) | C27: Plaza Azcuenaga 11, Tolosa, Buenos Aires, Argentina | D27: PLAZA AZCUENAGA Nº11 E 44 Y DIAG 76 | E27: Tolosa | F27: Tolosa | H27: OK | J27: -34.921954 | K27: -57.967559 | L27: Abrir

Sheet Zona 10 Centro
A1: Zona 11 - Centro | B1: CHRISTIAN
A2: 30 puntos de venta
A4: Zona | B4: Punto de venta | C4: Dirección (mapa) | D4: Dirección original | E4: Barrio | F4: Localidad | G4: Observación | H4: Estado | I4: Zona más cercana (si está fuera) | J4: Lat | K4: Lng | L4: Ver en Maps | M4: Corrección aplicada
A5: Zona 11 - Centro | B5: 24.7 - MARIA DEL CARMEN FERNANDEZ | C5: Calle 8 950, La Plata, Buenos Aires, Argentina | D5: CALLE 8 N 950 ESQ. 51 | E5: La Plata | F5: La Plata | H5: OK | J5: -34.91612 | K5: -57.950178 | L5: Abrir
A6: Zona 11 - Centro | B6: ALVARADO PAULA | C6: Calle 7 381, La Plata, Buenos Aires, Argentina | D6: 7 N 381 E/ 39 Y 40 | E6: La Plata | F6: La Plata | H6: OK | J6: -34.907258 | K6: -57.960384 | L6: Abrir
A7: Zona 11 - Centro | B7: ANDRÉS EZEQUIEL NUÑEZ KIOSCO ASTRO | C7: Calle 10 860, La Plata, Buenos Aires, Argentina | D7: 10 º860 E/ 49 Y 50 | E7: La Plata | F7: La Plata | H7: OK | J7: -34.917161 | K7: -57.953274 | L7: Abrir
A8: Zona 11 - Centro | B8: AXEL BARZABAL | C8: Calle 48 679, La Plata, Buenos Aires, Argentina | D8: 48 º679 E/ 8 Y 9 | E8: La Plata | F8: La Plata | H8: OK | J8: -34.915234 | K8: -57.95302 | L8: Abrir
A9: Zona 11 - Centro | B9: BAUTISTA MASI | C9: Calle 10 367, La Plata, Buenos Aires, Argentina | D9: CALLE 10 N367 E 39 Y 40 | E9: La Plata | F9: La Plata | H9: OK | J9: -34.909703 | K9: -57.963709 | L9: Abrir
A10: Zona 11 - Centro | B10: BRITEZ CARMELO | C10: Calle 12 y Calle 34, La Plata, Buenos Aires, Argentina | D10: 12 Y 34 | E10: La Plata | F10: La Plata | H10: OK | J10: -34.906936 | K10: -57.971765 | L10: Abrir
A11: Zona 11 - Centro | B11: CARLA REYNAFE - KIOSCO | C11: Avenida 44 665, La Plata, Buenos Aires, Argentina | D11: AV. 44 Nº 665 E/ 8 Y 9 | E11: La Plata Centro | F11: La Plata | H11: OK | J11: -34.911713 | K11: -57.956923 | L11: Abrir
A12: Zona 11 - Centro | B12: CHIAFFITELLI BRUNO FEDERICO | C12: Calle 8 564, La Plata, Buenos Aires, Argentina | D12: 8 Y DIAGONAL 77 N 564 | E12: La Plata | F12: La Plata | H12: OK | J12: -34.91087 | K12: -57.957165 | L12: Abrir
A13: Zona 11 - Centro | B13: CLAUDIA - 24.7 COLAVECCHIA | C13: Calle 50 636, La Plata, Buenos Aires, Argentina | D13: 50 N636 E/ 7 Y 8 | E13: La Plata | F13: La Plata | H13: OK | J13: -34.915599 | K13: -57.950432 | L13: Abrir
A14: Zona 11 - Centro | B14: DAVID VARGAS | C14: Calle 10 608, La Plata, Buenos Aires, Argentina | D14: 10 e/ 44 Y 45 º608 | E14: La Plata | F14: La Plata | H14: OK | J14: -34.913578 | K14: -57.958076 | L14: Abrir
A15: Zona 11 - Centro | B15: DISTRIBUIDORA 33 | C15: Calle 34 372, La Plata, Buenos Aires, Argentina | D15: 34 N 372 E/ 9 Y 10 | E15: La Plata | F15: La Plata | H15: OK | J15: -34.90523 | K15: -57.968427 | L15: Abrir | M15: Pin corregido según la grilla de calles de La Plata
A16: Zona 11 - Centro | B16: FABIANA - 24.7 MARIA FERNANDEZ | C16: Calle 51 601, La Plata, Buenos Aires, Argentina | D16: 51 N601 ESQ. 7 | E16: La Plata | F16: La Plata | H16: OK | J16: -34.915442 | K16: -57.949047 | L16: Abrir
A17: Zona 11 - Centro | B17: FERNANDO GABRIEL DULIO | C17: Calle 11 351, La Plata, Buenos Aires, Argentina | D17: 11 ESQ 39 º351 | E17: La Plata | F17: La Plata | H17: OK | J17: -34.910272 | K17: -57.96512 | L17: Abrir
A18: Zona 11 - Centro | B18: GIMENEZ FABIAN | C18: Calle 51 795, La Plata, Buenos Aires, Argentina | D18: 51 N 795 E/ 10 Y 11 | E18: La Plata | F18: La Plata | H18: OK | J18: -34.918802 | K18: -57.953276 | L18: Abrir
A19: Zona 11 - Centro | B19: HERNAN BALLERINI CALLE 50 | C19: Calle 50 716, La Plata, Buenos Aires, Argentina | D19: 50 E/ 9 Y 10 N 716 | E19: La Plata | F19: La Plata | H19: OK | J19: -34.917145 | K19: -57.951916 | L19: Abrir
A20: Zona 11 - Centro | B20: IVAN PRESTES - FULL 365 KIOSCO ROJO | C20: Avenida 7 701, La Plata, Buenos Aires, Argentina | D20: AV 7 N 701 ESQ. 46 | E20: La Plata | F20: La Plata | H20: OK | J20: -34.912415 | K20: -57.953051 | L20: Abrir
A21: Zona 11 - Centro | B21: KAPRIDRUGSTORE 749 - LUIS ALONSO | C21: Calle 10 y Calle 51, La Plata, Buenos Aires, Argentina | D21: ESQ. 10 Y 51 | E21: La Plata | F21: La Plata | H21: OK | J21: -34.918184 | K21: -57.952114 | L21: Abrir
A22: Zona 11 - Centro | B22: KIOSCO 43 - CAMILA SOL SPINSANTI | C22: Avenida 7 543, La Plata, Buenos Aires, Argentina | D22: AV. 7 543 E/ 42 Y 43 | E22: La Plata | F22: La Plata | H22: OK | J22: -34.909802 | K22: -57.956839 | L22: Abrir
A23: Zona 11 - Centro | B23: MARCELO VILLORIA | C23: Calle 13 308, La Plata, Buenos Aires, Argentina | D23: 13 NRO 308 E/ 38 Y 39 | E23: La Plata 3 | F23: La Plata | H23: OK | J23: -34.911328 | K23: -57.967776 | L23: Abrir
A24: Zona 11 - Centro | B24: MARINA - 24.7 SANCHEZ IVANA | C24: Calle 50 604, La Plata, Buenos Aires, Argentina | D24: 50 N604 CASI. AV. 7 | E24: La Plata | F24: La Plata | H24: OK | J24: -34.91509 | K24: -57.949705 | L24: Abrir
A25: Zona 11 - Centro | B25: MARINA GALERIA - FULL 365 | C25: Calle 7 923, La Plata, Buenos Aires, Argentina | D25: 7 N923 LOCAL 2 E/ 50 Y 51 | E25: La Plata | F25: La Plata | H25: OK | J25: -34.915222 | K25: -57.94956 | L25: Abrir
A26: Zona 11 - Centro | B26: MATIAS MOBILIO | C26: Calle 46 622, La Plata, Buenos Aires, Argentina | D26: 46 Nº622 ENTRE 7 Y 8 | E26: La Plata | F26: La Plata | H26: OK | J26: -34.912893 | K26: -57.9534 | L26: Abrir
A27: Zona 11 - Centro | B27: NO STOP DIAG 74 (JULIAN NOCITO) | C27: Diagonal 74 y Calle 47, La Plata, Buenos Aires, Argentina | D27: DIAGONAL 74 E/ 47 Y 48 | E27: La Plata | F27: La Plata | H27: OK | J27: -34.915704 | K27: -57.955035 | L27: Abrir
... A31: Zona 11 - Centro | B31: VANESA - 24.7 FERNANDEZ MARIA | C31: Calle 7 815, La Plata, Buenos Aires, Argentina | D31: 7 N815 E/ 48 Y 49 | E31: La Plata | F31: La Plata | H31: OK | J31: -34.914056 | K31: -57.951059 | L31: Abrir
A32: Zona 11 - Centro | B32: VANESA - 24.7 MARIANA LABURU | C32: Calle 50 986, La Plata, Buenos Aires, Argentina | D32: 50 Nº 986 ESQ. 9 | E32: La Plata | F32: La Plata | H32: OK | J32: -34.916314 | K32: -57.952327 | L32: Abrir | M32: Pin corregido según la grilla de calles de La Plata
A33: Zona 11 - Centro | B33: ZAPATA LUIS SEBASTIAN - BRUJITA 74 | C33: Diagonal 74 1628, La Plata, Buenos Aires, Argentina | D33: DIAG. 74 E/ 49 Y 50 N 1628 | E33: La Plata 3 | F33: La Plata | H33: OK | J33: -34.9186 | K33: -57.954584 | L33: Abrir
A34: Zona 11 - Centro | B34: EDGAR JOEL OVIEDO LOPEZ | C34: Avenida 32 848, Tolosa, Buenos Aires, Argentina | D34: AV 32 N°848 ESQ 12 | E34: Tolosa | F34: Tolosa | H34: OK | J34: -34.905219 | K34: -57.974008 | L34: Abrir

Sheet Zona 11 Centro 2
A1: Zona 12 - Centro 2 | B1: PABLO
A2: 33 puntos de venta
A4: Zona | B4: Punto de venta | C4: Dirección (mapa) | D4: Dirección original | E4: Barrio | F4: Localidad | G4: Observación | H4: Estado | I4: Zona más cercana (si está fuera) | J4: Lat | K4: Lng | L4: Ver en Maps | M4: Corrección aplicada
A5: Zona 12 - Centro 2 | B5: ALEJANDRO AGOSTINI (FERNANDA) | C5: Calle 7 1245, La Plata, Buenos Aires, Argentina | D5: 7 E/ 57 Y 58 N 1245 | E5: La Plata | F5: La Plata | H5: OK | J5: -34.919208 | K5: -57.94409 | L5: Abrir
A6: Zona 12 - Centro 2 | B6: ANAHI NINNI SILVIO - ARG. CAMPEON | C6: Diagonal 79 633, La Plata, Buenos Aires, Argentina | D6: DIAG 79 E/1 Y 2 Nº633 | E6: La Plata | F6: La Plata | H6: OK | J6: -34.915184 | K6: -57.936279 | L6: Abrir
A7: Zona 12 - Centro 2 | B7: ARMENTI FABIO EST SERV YPF | C7: Diagonal 73 1419, La Plata, Buenos Aires, Argentina | D7: DIAGONAL 73 Nº1419 E/ 9 Y 57 | E7: La Plata | F7: La Plata | H7: OK | J7: -34.92094 | K7: -57.946292 | L7: Abrir
A8: Zona 12 - Centro 2 | B8: BRUNO CASTRO | C8: Diagonal 73 1391, La Plata, Buenos Aires, Argentina | D8: DIAG 73 Y 58 Nº 1391 | E8: La Plata 3 | F8: La Plata | H8: OK | J8: -34.920806 | K8: -57.945898 | L8: Abrir
A9: Zona 12 - Centro 2 | B9: CRISTIAN BENITEZ | C9: Calle 54 734, La Plata, Buenos Aires, Argentina | D9: 54 Nº734 E/ 9 Y 10 | E9: La Plata | F9: La Plata | H9: OK | J9: -34.919398 | K9: -57.949728 | L9: Abrir
A10: Zona 12 - Centro 2 | B10: DIEZ PABLO (A) | C10: Calle 13 1093, La Plata, Buenos Aires, Argentina | D10: 13 N 1093 ESQUINA 55 | E10: La Plata | F10: La Plata | H10: OK | J10: -34.922926 | K10: -57.952866 | L10: Abrir
A11: Zona 12 - Centro 2 | B11: EDIHT SUSANA PORRIS | C11: Calle 7 1079, La Plata, Buenos Aires, Argentina | D11: 7 Nº 1079 E/ 54 Y 55 | E11: La Plata | F11: La Plata | H11: OK | J11: -34.917242 | K11: -57.946836 | L11: Abrir
A12: Zona 12 - Centro 2 | B12: FEDERICO TAVELLA BRUT | C12: Calle 7 1212, La Plata, Buenos Aires, Argentina | D12: CALLE 7 N 1212 E/ 57 Y 58 | E12: La Plata | F12: La Plata | H12: OK | J12: -34.918663 | K12: -57.944344 | L12: Abrir
A13: Zona 12 - Centro 2 | B13: FERNANDO ROJO - SIX SEVEN | C13: Diagonal 73 1282, La Plata, Buenos Aires, Argentina | D13: DIAG 73 º1282 E/ PLAZA ROCHA Y 8 | E13: La Plata | F13: La Plata | H13: OK | J13: -34.921124 | K13: -57.943158 | L13: Abrir
A14: Zona 12 - Centro 2 | B14: FLORENCIA LUCIANO (PZA ROCHA) GASTON | C14: Pza Rocha 51, La Plata, Buenos Aires, Argentina | D14: PZA ROCHA N51 E/ 7 Y DIAG 73 | E14: La Plata | F14: La Plata | H14: OK | J14: -34.920399 | K14: -57.942614 | L14: Abrir
A15: Zona 12 - Centro 2 | B15: GEORGINA PICCIRILLI LA KIOSCA | C15: Calle 7 1268, La Plata, Buenos Aires, Argentina | D15: 7 º1268 E/ 58 Y 59 | E15: La Plata | F15: La Plata | H15: OK | J15: -34.919417 | K15: -57.943219 | L15: Abrir
A16: Zona 12 - Centro 2 | B16: GUAN MEI YU | C16: Calle 11 1312, La Plata, Buenos Aires, Argentina | D16: 11 Nº1312 E/ 59 Y 60 | E16: La Plata | F16: La Plata | H16: OK | J16: -34.923885 | K16: -57.946531 | L16: Abrir
... A27: Zona 12 - Centro 2 | B27: NICOLAS JOSE D'ANGELO - KRUSTY | C27: Calle 4 1107, La Plata, Buenos Aires, Argentina | D27: CALLE 4 N 1107 E/ 55 Y 56 | E27: La Plata | F27: La Plata | H27: OK | J27: -34.914673 | K27: -57.943239 | L27: Abrir
A28: Zona 12 - Centro 2 | B28: OCAÑA CLAUDIA NOEMÍ | C28: Calle 8 648, La Plata, Buenos Aires, Argentina | D28: 8 648 E/ 55 Y 56 | E28: La Plata | F28: La Plata | H28: OK | J28: -34.919335 | K28: -57.945958 | L28: Abrir | M28: Pin corregido según la grilla de calles de La Plata
A29: Zona 12 - Centro 2 | B29: ORNELLA VIRGINIO (RENZO) | C29: Calle 58 791, La Plata, Buenos Aires, Argentina | D29: CALLE 58 DIAG 79 N791 | E29: La Plata | F29: La Plata | H29: OK | J29: -34.922607 | K29: -57.947862 | L29: Abrir
A30: Zona 12 - Centro 2 | B30: PRISCILA SOSA (KIOSCO MEGA24) | C30: Calle 6 1012, La Plata, Buenos Aires, Argentina | D30: 6 E/ 53 Y 54 º1012 | E30: La Plata | F30: La Plata | H30: OK | J30: -34.915337 | K30: -57.946542 | L30: Abrir
A31: Zona 12 - Centro 2 | B31: RENZO VIRGINIO - EL BÚHO | C31: Calle 58 582, La Plata, Buenos Aires, Argentina | D31: 58 E 6 Y 7 N582 | E31: La Plata | F31: La Plata | H31: OK | J31: -34.918951 | K31: -57.943217 | L31: Abrir
A32: Zona 12 - Centro 2 | B32: SAIDA SUBELZA - AUTOSERVICIO ELI | C32: Calle 56 531, La Plata, Buenos Aires, Argentina | D32: 56 E/ 5 Y 6 º531 | E32: La Plata | F32: La Plata | H32: OK | J32: -34.916443 | K32: -57.944284 | L32: Abrir
A33: Zona 12 - Centro 2 | B33: SEPULVEDA SEBASTIAN | C33: Calle 54 539, La Plata, Buenos Aires, Argentina | D33: 54 N 539 E/ 5 Y 6 | E33: La Plata | F33: La Plata | H33: OK | J33: -34.915342 | K33: -57.945718 | L33: Abrir
A34: Zona 12 - Centro 2 | B34: SERGIO BENEDICTO | C34: Calle 55 546, La Plata, Buenos Aires, Argentina | D34: 55 Nº546 E/ DIAG 79 Y 6 | E34: La Plata | F34: La Plata | H34: OK | J34: -34.916248 | K34: -57.945102 | L34: Abrir
A35: Zona 12 - Centro 2 | B35: SERGIO CUELLO ESQ. LIBERTAD | C35: Diagonal 78 491 y Calle 6, La Plata, Buenos Aires, Argentina | D35: DIAG. 78 491 ESQ. 6 Y 59 | E35: La Plata | F35: La Plata | H35: OK | J35: -34.915171 | K35: -57.941252 | L35: Abrir
A36: Zona 12 - Centro 2 | B36: WILDER (LO DE BALDERRAMA) | C36: Calle 59 407, La Plata, Buenos Aires, Argentina | D36: 59 E/ 3 Y 4 Nº407 | E36: La Plata | F36: La Plata | H36: OK | J36: -34.916422 | K36: -57.938954 | L36: Abrir
A37: Zona 12 - Centro 2 | B37: YE GUOZEH | C37: Calle 53 728, La Plata, Buenos Aires, Argentina | D37: 53 Nº728 E/ 9 Y 10 | E37: La Plata | F37: La Plata | H37: OK | J37: -34.918959 | K37: -57.949907 | L37: Abrir | M37: Pin corregido según la grilla de calles de La Plata

Sheet Zona 12 Lateral Sureste
A1: Zona 13 - Lateral Sureste | B1: PABLO
A2: 35 puntos de venta
A4: Zona | B4: Punto de venta | C4: Dirección (mapa) | D4: Dirección original | E4: Barrio | F4: Localidad | G4: Observación | H4: Estado | I4: Zona más cercana (si está fuera) | J4: Lat | K4: Lng | L4: Ver en Maps | M4: Corrección aplicada
A5: Zona 13 - Lateral Sureste | B5: SHELL PETRÓLEO DE ARGENTINA | C5: Calle 122 y Calle 8, Berisso, Buenos Aires, Argentina | D5: 122 E/ 8 Y 9 | E5: Berisso | F5: Berisso | H5: OK | J5: -34.911546 | K5: -57.921182 | L5: Abrir
A6: Zona 13 - Lateral Sureste | B6: AFE MERCADO SA (ELETTO) | C6: Calle 8 1364, La Plata, Buenos Aires, Argentina | D6: 8 N 1364 E/ 60 Y DIAG. 68 | E6: La Plata | F6: La Plata | H6: OK | J6: -34.921964 | K6: -57.942117 | L6: Abrir
A7: Zona 13 - Lateral Sureste | B7: ALDO MOLIMAC | C7: Calle 1 1780, La Plata, Buenos Aires, Argentina | D7: 1 º1780 E/ 68 Y 69 | E7: La Plata | F7: La Plata | H7: OK | J7: -34.92205 | K7: -57.92623 | L7: Abrir | M7: Pin corregido según la grilla de calles de La Plata
A8: Zona 13 - Lateral Sureste | B8: ALEJANDRO NAQUED | C8: Diagonal 78 986, La Plata, Buenos Aires, Argentina | D8: DIAG 78 N 986 E/ 11 Y 63 | E8: La Plata | F8: La Plata | H8: OK | J8: -34.927027 | K8: -57.941957 | L8: Abrir
A9: Zona 13 - Lateral Sureste | B9: ALMACEN MARIO | C9: Calle 3 y Calle 60, La Plata, Buenos Aires, Argentina | D9: 3 Y 60 | E9: La Plata | F9: La Plata | H9: OK | J9: -34.917816 | K9: -57.936531 | L9: Abrir | M9: Pin corregido según la grilla de calles de La Plata
A10: Zona 13 - Lateral Sureste | B10: APREA ROBERTO ALFONSO S.H | C10: Avenida 60 105, La Plata, Buenos Aires, Argentina | D10: AV. 60 N105 E/ CALLE 8 ESQ. PZA. ROCHA | E10: La Plata | F10: La Plata | H10: OK | J10: -34.922586 | K10: -57.941572 | L10: Abrir | M10: Pin corregido según la grilla de calles de La Plata
A11: Zona 13 - Lateral Sureste | B11: CECILIA SCHULER | C11: Calle 64 873, La Plata, Buenos Aires, Argentina | D11: 64 º873 E/ 12 Y 13 | E11: La Plata | F11: La Plata | H11: OK | J11: -34.929273 | K11: -57.942703 | L11: Abrir
A12: Zona 13 - Lateral Sureste | B12: CINTIA CAPPARELLI | C12: Avenida 1 1435, La Plata, Buenos Aires, Argentina | D12: AV 1 N°1435 E/ 61 Y 62 | E12: La Plata | F12: La Plata | H12: OK | J12: -34.916787 | K12: -57.933642 | L12: Abrir
A13: Zona 13 - Lateral Sureste | B13: CLARITA DE LA ASUNCION MIRANDA AZNARAN | C13: Calle 64 820, La Plata, Buenos Aires, Argentina | D13: 64 Nº820 E/10 Y 12 | E13: La Plata | F13: La Plata | H13: OK | J13: -34.928395 | K13: -57.941144 | L13: Abrir
A14: Zona 13 - Lateral Sureste | B14: DANIELA SABRINA ZELARAYAN | C14: Calle 61 745, La Plata, Buenos Aires, Argentina | D14: 61 E/ 9 Y 10 º745 | E14: La Plata | F14: La Plata | H14: OK | J14: -34.924456 | K14: -57.943481 | L14: Abrir
A15: Zona 13 - Lateral Sureste | B15: DARIO GONZALEZ | C15: Avenida 7 1551, La Plata, Buenos Aires, Argentina | D15: AV. 7 1551 ESQ 64 | E15: La Plata | F15: La Plata | H15: OK | J15: -34.924443 | K15: -57.937081 | L15: Abrir
A16: Zona 13 - Lateral Sureste | B16: DELLEPIANE ANALIA | C16: Calle 122 1630, La Plata, Buenos Aires, Argentina | D16: 122 N 1630 E/65 Y 66 | E16: La Plata | F16: La Plata | H16: OK | J16: -34.911819 | K16: -57.920166 | L16: Abrir
A17: Zona 13 - Lateral Sureste | B17: EL ALMACEN - ALVAREZ DANIEL | C17: Calle 66 548, La Plata, Buenos Aires, Argentina | D17: 66 º548 ESQ 6 | E17: La Plata | F17: La Plata | H17: OK | J17: -34.924913 | K17: -57.933321 | L17: Abrir
A18: Zona 13 - Lateral Sureste | B18: ENZO AGUSTIN LOPEZ | C18: Calle 1 1470, La Plata, Buenos Aires, Argentina | D18: 1 º1470 E/ 62 Y 63 | E18: La Plata | F18: La Plata | H18: OK | J18: -34.917715 | K18: -57.932078 | L18: Abrir | M18: Pin corregido según la grilla de calles de La Plata
A19: Zona 13 - Lateral Sureste | B19: ERVIN SISNIEGUEZ | C19: Calle 61 1904, La Plata, Buenos Aires, Argentina | D19: 61 N°1904 E/ 115 Y 116 | E19: La Plata | F19: La Plata | H19: OK | J19: -34.927346 | K19: -57.94653 | L19: Abrir
A20: Zona 13 - Lateral Sureste | B20: GABRIEL SOLANO | C20: Calle 1 1905, La Plata, Buenos Aires, Argentina | D20: 1 E/ 71 Y 72 º1905 | E20: La Plata | F20: La Plata | H20: OK | J20: -34.924218 | K20: -57.923306 | L20: Abrir | M20: Pin corregido según la grilla de calles de La Plata
A21: Zona 13 - Lateral Sureste | B21: GABRIELA ELIZABETH ROSA | C21: Calle 61 616, La Plata, Buenos Aires, Argentina | D21: 61 º616 E/ 7 Y 8 | E21: La Plata | F21: La Plata | H21: OK | J21: -34.922196 | K21: -57.940704 | L21: Abrir
A22: Zona 13 - Lateral Sureste | B22: HUANG JIA | C22: Diagonal 79 55, La Plata, Buenos Aires, Argentina | D22: DIAG 79 E/ 119 Y 120 º55 | E22: La Plata | F22: La Plata | H22: OK | J22: -34.914495 | K22: -57.923595 | L22: Abrir
A23: Zona 13 - Lateral Sureste | B23: JOSÉ RODUANS | C23: Calle 62 863, La Plata, Buenos Aires, Argentina | D23: 62 º863 E/ 12 Y 13 | E23: La Plata | F23: La Plata | H23: OK | J23: -34.927384 | K23: -57.944772 | L23: Abrir
A24: Zona 13 - Lateral Sureste | B24: JUANPA BISOGNI | C24: Calle 12 1390, La Plata, Buenos Aires, Argentina | D24: 12 1390 E/ 60 Y 61 | E24: La Plata 3 | F24: La Plata | H24: OK | J24: -34.926093 | K24: -57.945762 | L24: Abrir
A25: Zona 13 - Lateral Sureste | B25: LEANDRO MARTÍN PEÑALBA | C25: Calle 13 1382, La Plata, Buenos Aires, Argentina | D25: CALLE 13 Nº1382 E/ 60 Y 61 | E25: La Plata | F25: La Plata | H25: OK | J25: -34.926934 | K25: -57.946911 | L25: Abrir
A26: Zona 13 - Lateral Sureste | B26: LUISE CRISTIAN | C26: Calle 1 1604, La Plata, Buenos Aires, Argentina | D26: CALLE 1 ESQ 65 º1604 | E26: La Plata | F26: La Plata | H26: OK | J26: -34.919521 | K26: -57.929641 | L26: Abrir | M26: Pin corregido según la grilla de calles de La Plata
A27: Zona 13 - Lateral Sureste | B27: LUISE EVELYN KIOSCO TAYSON | C27: Calle 60 881, La Plata, Buenos Aires, Argentina | D27: CALLE 60 Nº881 E/ 12 Y PLAZA | E27: La Plata | F27: La Plata | H27: OK | J27: -34.926402 | K27: -57.945604 | L27: Abrir | M27: Pin corregido según la grilla de calles de La Plata
A28: Zona 13 - Lateral Sureste | B28: MARIA VICTORIA DE LUCA | C28: Calle 121 1923, La Plata, Buenos Aires, Argentina | D28: 121 N 1923 E/ 71 Y 72 | E28: La Plata | F28: La Plata | H28: OK | J28: -34.918107 | K28: -57.914872 | L28: Abrir
A29: Zona 13 - Lateral Sureste | B29: MAXIKIOSCO AS (ALE NAQUED) | C29: Calle 2 350, La Plata, Buenos Aires, Argentina | D29: 2 ESQ 63 º350 | E29: La Plata | F29: La Plata | H29: OK | J29: -34.91903 | K29: -57.932599 | L29: Abrir | M29: Pin corregido según la grilla de calles de La Plata
A30: Zona 13 - Lateral Sureste | B30: MAXIMILIANO RODRIGUEZ | C30: Calle 67 652, La Plata, Buenos Aires, Argentina | D30: CALLE 67 Nº652 ESQ. 8 | E30: La Plata | F30: La Plata | H30: OK | J30: -34.927978 | K30: -57.934621 | L30: Abrir
A31: Zona 13 - Lateral Sureste | B31: NICOLASA | C31: Calle 61 802, La Plata, Buenos Aires, Argentina | D31: 61 Nº 802 ESQ 11 | E31: La Plata | F31: La Plata | H31: OK | J31: -34.925739 | K31: -57.944381 | L31: Abrir
A32: Zona 13 - Lateral Sureste | B32: NO STOP 1 ENTRE 69 Y 70 N 1839 | C32: Calle 1 1839, La Plata, Buenos Aires, Argentina | D32: 1 ENTRE 69 Y 70 N 1839 | E32: La Plata | F32: La Plata | H32: OK | J32: -34.922773 | K32: -57.925255 | L32: Abrir | M32: Pin corregido según la grilla de calles de La Plata
A33: Zona 13 - Lateral Sureste | B33: SILVIA CARRIZO | C33: Calle 9 1432, La Plata, Buenos Aires, Argentina | D33: 9 N°1432 E/ 9 Y 62 | E33: La Plata | F33: La Plata | H33: OK | J33: -34.924088 | K33: -57.941702 | L33: Abrir
A34: Zona 13 - Lateral Sureste | B34: SUAREZ ALEJO ESQ. 67 | C34: Calle 10 y Calle 67, La Plata, Buenos Aires, Argentina | D34: CALLE 10 ESQ 67 | E34: La Plata | F34: La Plata | H34: OK | J34: -34.929552 | K34: -57.936765 | L34: Abrir | M34: Pin corregido según la grilla de calles de La Plata
A35: Zona 13 - Lateral Sureste | B35: SUPER FULIAN (LI CHAO) | C35: Calle 64 776, La Plata, Buenos Aires, Argentina | D35: 64 E/ 10 Y 11 Nº776 | E35: La Plata | F35: La Plata | H35: OK | J35: -34.927708 | K35: -57.94057 | L35: Abrir
A36: Zona 13 - Lateral Sureste | B36: TYSON ROCK 3 - CRISTIAN LUISE | C36: Diagonal 78 1086, La Plata, Buenos Aires, Argentina | D36: DIAG 78 E/ 11 Y 12 Nº 1086 | E36: La Plata | F36: La Plata | H36: OK | J36: -34.928505 | K36: -57.941991 | L36: Abrir
A37: Zona 13 - Lateral Sureste | B37: WALTER LECCE | C37: Diagonal 73 715, La Plata, Buenos Aires, Argentina | D37: DIAG 73 º715 ESQ 2 | E37: La Plata | F37: La Plata | H37: OK | J37: -34.920289 | K37: -57.931311 | L37: Abrir
A38: Zona 13 - Lateral Sureste | B38: YESICA RAMIREZ MAXIKIOSCO 24HS | C38: Diagonal 73 y Calle 5, La Plata, Buenos Aires, Argentina | D38: DIAG. 73 Y 5 1458 Y 62 | E38: La Plata | F38: La Plata | H38: OK | J38: -34.920788 | K38: -57.937161 | L38: Abrir
A39: Zona 13 - Lateral Sureste | B39: LUCIANA POLITO | C39: Calle 117 y Calle 67, Villa Elvira, Buenos Aires, Argentina | D39: CALLE 117 ESQ. 67 AL LADO DEL 160 | E39: Villa Elvira | F39: Villa Elvira | H39: OK | J39: -34.918397 | K39: -57.924346 | L39: Abrir

Sheet Zona 13 Lateral Alto San L
A1: Zona 15 - Lateral Alto San Lorenzo | B1: PABLO
A2: 27 puntos de venta
A4: Zona | B4: Punto de venta | C4: Dirección (mapa) | D4: Dirección original | E4: Barrio | F4: Localidad | G4: Observación | H4: Estado | I4: Zona más cercana (si está fuera) | J4: Lat | K4: Lng | L4: Ver en Maps | M4: Corrección aplicada
A5: Zona 15 - Lateral Alto San Lorenzo | B5: L.P GAS S.A - GASTON LOPEZ | C5: Avenida 72 1355, Altos de San Lorenzo, Buenos Aires, Argentina | D5: AV 72 ESQ. 22 N 1355 | E5: Altos De San Lorenzo | F5: Altos de San Lorenzo | H5: OK | J5: -34.945226 | K5: -57.943719 | L5: Abrir
A6: Zona 15 - Lateral Alto San Lorenzo | B6: ANDRADE WALTER (AUTOSERVICIO PAMELA) | C6: Calle 60 y Calle 25, La Plata, Buenos Aires, Argentina | D6: CALLE 60 ESQ. 25 PLAZA | E6: La Plata 3 | F6: La Plata | H6: OK | J6: -34.938804 | K6: -57.95871 | L6: Abrir | M6: Pin corregido según la grilla de calles de La Plata
A7: Zona 15 - Lateral Alto San Lorenzo | B7: ANGEL PEREZ (AGENCIA LOTERIA TITO) | C7: Calle 68 y Calle 17, La Plata, Buenos Aires, Argentina | D7: 68 ESQ 17 | E7: La Plata 3 | F7: La Plata | H7: OK | J7: -34.937025 | K7: -57.942718 | L7: Abrir
A8: Zona 15 - Lateral Alto San Lorenzo | B8: AUGUSTO TUR | C8: Diagonal 74 2215, La Plata, Buenos Aires, Argentina | D8: DIAG 74 ESQ 58 Nº2215 | E8: La Plata 3 | F8: La Plata | H8: OK | J8: -34.928962 | K8: -57.954278 | L8: Abrir
A9: Zona 15 - Lateral Alto San Lorenzo | B9: CECI ROBERTA GROWSHOP | C9: Calle 68 1545, La Plata, Buenos Aires, Argentina | D9: 68 Nº1545 ESQ 26 | E9: La Plata 3 | F9: La Plata | H9: OK | J9: -34.945305 | K9: -57.951964 | L9: Abrir
A10: Zona 15 - Lateral Alto San Lorenzo | B10: DISTRIBUIDORA FAZIO | C10: Calle 72 1412, La Plata, Buenos Aires, Argentina | D10: 72 Nº 1412 E/ 23 Y 24 | E10: La Plata 3 | F10: La Plata | H10: OK | J10: -34.946044 | K10: -57.945501 | L10: Abrir | M10: Pin corregido según la grilla de calles de La Plata
A11: Zona 15 - Lateral Alto San Lorenzo | B11: EMILIANO MAXIKIOSCO 1275 | C11: Avenida 66 1275, La Plata, Buenos Aires, Argentina | D11: AV 66 1275 E/ 20 Y 21 | E11: La Plata 3 | F11: La Plata | H11: OK | J11: -34.938466 | K11: -57.94884 | L11: Abrir
A12: Zona 15 - Lateral Alto San Lorenzo | B12: EVELYN LUISE | C12: Calle 60 881, La Plata, Buenos Aires, Argentina | D12: 60 N881 LLEGANDO A LA PLAZA | E12: La Plata | F12: La Plata | H12: OK | J12: -34.932744 | K12: -57.954636 | L12: Abrir
A13: Zona 15 - Lateral Alto San Lorenzo | B13: FEDERICO ALICE (FERRETERIA) | C13: Diagonal 74 y Calle 17, La Plata, Buenos Aires, Argentina | D13: DIAG 74 ESQ 17 | E13: La Plata | F13: La Plata | H13: OK | J13: -34.92821 | K13: -57.95433 | L13: Abrir
A14: Zona 15 - Lateral Alto San Lorenzo | B14: GAO XIUWEN | C14: Calle 16 1831, La Plata, Buenos Aires, Argentina | D14: 16 1831 E/ 69 Y 70 | E14: La Plata 3 | F14: La Plata | H14: OK | J14: -34.93756 | K14: -57.940039 | L14: Abrir
A15: Zona 15 - Lateral Alto San Lorenzo | B15: GONZALEZ PABLO | C15: Calle 60 1666, La Plata, Buenos Aires, Argentina | D15: CALLE 60 Nº 1666 E/ 28 Y 29 | E15: La Plata 3 | F15: La Plata | H15: OK | J15: -34.941102 | K15: -57.963185 | L15: Abrir
A16: Zona 15 - Lateral Alto San Lorenzo | B16: GUILLERMO JAVIER BISOGNI | C16: Calle 67 1799, La Plata, Buenos Aires, Argentina | D16: 67 N°1799 ESQ 31 | E16: La Plata 3 | F16: La Plata | H16: OK | J16: -34.949041 | K16: -57.95824 | L16: Abrir
A17: Zona 15 - Lateral Alto San Lorenzo | B17: ISAMAR CRISANTO | C17: Hipolito Yrigoyen y Avenida 60, La Plata, Buenos Aires, Argentina | D17: HIPOLITO YRIGOYEN E/ AV 60 Y DIAG 74 n3 | E17: La Plata | F17: La Plata | H17: OK | J17: -34.932078 | K17: -57.953789 | L17: Abrir
A18: Zona 15 - Lateral Alto San Lorenzo | B18: JULIETA ALMANDOZ 64 (LO DE TOTO) | C18: Calle 64 933, La Plata, Buenos Aires, Argentina | D18: 64 º 933 E/ 13 Y 14 | E18: La Plata | F18: La Plata | H18: OK | J18: -34.930441 | K18: -57.944085 | L18: Abrir
A19: Zona 15 - Lateral Alto San Lorenzo | B19: KATHYA GARCIA - MAXIKANGURO 67 | C19: Calle 67 1532, La Plata, Buenos Aires, Argentina | D19: CALLE 67 E/ 25 Y 26 Nº 1532 | E19: La Plata | F19: La Plata | H19: OK | J19: -34.94442 | K19: -57.95271 | L19: Abrir
A20: Zona 15 - Lateral Alto San Lorenzo | B20: KIOSCO MIRTA FLOSI DIAG 75 | C20: Diagonal 75 y Calle 14, La Plata, Buenos Aires, Argentina | D20: DIAGONAL 75 ESQUINA 14 Y 64 | E20: La Plata | F20: La Plata | H20: OK | J20: -34.930847 | K20: -57.944228 | L20: Abrir
A21: Zona 15 - Lateral Alto San Lorenzo | B21: LIN JIAN HUA | C21: Calle 19 1297, La Plata, Buenos Aires, Argentina | D21: 19 E/ 58 Y 59 Nº1297 | E21: La Plata 3 | F21: La Plata | H21: OK | J21: -34.931996 | K21: -57.954123 | L21: Abrir | M21: Pin corregido según la grilla de calles de La Plata
A22: Zona 15 - Lateral Alto San Lorenzo | B22: LUCAS CARMOSINO - PUESTO DIARIO | C22: Diagonal 74 y Calle 57, La Plata, Buenos Aires, Argentina | D22: DIAG 74 E/ 57 Y 58 | E22: La Plata 3 | F22: La Plata | H22: OK | J22: -34.927123 | K22: -57.954143 | L22: Abrir
A23: Zona 15 - Lateral Alto San Lorenzo | B23: LUCIANO SANTOLERI | C23: Calle 61 1400, La Plata, Buenos Aires, Argentina | D23: 61 ESQ 23 Nº1400 | E23: La Plata 3 | F23: La Plata | H23: OK | J23: -34.936765 | K23: -57.956835 | L23: Abrir
A24: Zona 15 - Lateral Alto San Lorenzo | B24: MARCIA DIAZ | C24: Calle 19 502, La Plata, Buenos Aires, Argentina | D24: 19 ESQ42 N°502 | E24: La Plata | F24: La Plata | H24: OK | J24: -34.942532 | K24: -57.939339 | L24: Abrir
A25: Zona 15 - Lateral Alto San Lorenzo | B25: MARIANO VIAGGI | C25: Calle 16 y Calle 62, La Plata, Buenos Aires, Argentina | D25: 16 ESQ 62 | E25: La Plata 3 | F25: La Plata | H25: OK | J25: -34.931663 | K25: -57.947687 | L25: Abrir | M25: Pin corregido según la grilla de calles de La Plata
A26: Zona 15 - Lateral Alto San Lorenzo | B26: MAURO MASSOL | C26: Calle 18 1583, La Plata, Buenos Aires, Argentina | D26: 18 E/ 64 Y 65 Nº1583 | E26: La Plata 3 | F26: La Plata | H26: OK | J26: -34.935271 | K26: -57.947746 | L26: Abrir
A27: Zona 15 - Lateral Alto San Lorenzo | B27: OKEEFFE EZEQUIEL | C27: Diagonal 74 2083, La Plata, Buenos Aires, Argentina | D27: DIAG. 74 N 2083 E/ 16 Y 56 | E27: La Plata 3 | F27: La Plata | H27: OK | J27: -34.926367 | K27: -57.954413 | L27: Abrir
A28: Zona 15 - Lateral Alto San Lorenzo | B28: OMAR LOPEZ | C28: Calle 70 1147, La Plata, Buenos Aires, Argentina | D28: 70 Nº1147 E/ 17 Y 18 | E28: La Plata | F28: La Plata | H28: OK | J28: -34.939396 | K28: -57.941642 | L28: Abrir
A29: Zona 15 - Lateral Alto San Lorenzo | B29: QUIROGA GRACIELA | C29: Calle 60 1347, La Plata, Buenos Aires, Argentina | D29: 60 º1347 CASI ESQ 22 | E29: La Plata 3 | F29: La Plata | H29: OK | J29: -34.934774 | K29: -57.957038 | L29: Abrir
A30: Zona 15 - Lateral Alto San Lorenzo | B30: RAÚL GABRIEL O'KEEFFE 22 | C30: Diagonal 74 2781, La Plata, Buenos Aires, Argentina | D30: DIAG. 74 º2781 E/ 22 Y 23 | E30: La Plata | F30: La Plata | H30: OK | J30: -34.938764 | K30: -57.953791 | L30: Abrir
A31: Zona 15 - Lateral Alto San Lorenzo | B31: JULIAN MOLINA | C31: Diagonal 74 2517, Tolosa, Buenos Aires, Argentina | D31: DIAG 74 Nº 2517 ESQ 61 | E31: Tolosa | F31: Tolosa | H31: OK | J31: -34.934422 | K31: -57.953991 | L31: Abrir

Sheet Zona 14 Los Hornos
A1: Zona 16 - Los Hornos | B1: PABLO
A2: 33 puntos de venta
A4: Zona | B4: Punto de venta | C4: Dirección (mapa) | D4: Dirección original | E4: Barrio | F4: Localidad | G4: Observación | H4: Estado | I4: Zona más cercana (si está fuera) | J4: Lat | K4: Lng | L4: Ver en Maps | M4: Corrección aplicada
A5: Zona 16 - Los Hornos | B5: LAMAS GETRUDES | C5: Calle 32 y Calle 162, La Plata, Buenos Aires, Argentina | D5: 32 E/ 162 Y 163 | E5: El Futuro | F5: La Plata | H5: OK | J5: -34.964911 | K5: -58.008856 | L5: Abrir
A6: Zona 16 - Los Hornos | B6: CELIA CONCEPCION RAMIREZ FERREIRA | C6: Calle 55 2871, Los Hornos, Buenos Aires, Argentina | D6: 55 N°2871 E/ 152 Y 153 | E6: Los Hornos | F6: Los Hornos | H6: OK | J6: -34.960538 | K6: -57.993624 | L6: Abrir
A7: Zona 16 - Los Hornos | B7: CHEN WU | C7: Calle 60 2280, Los Hornos, Buenos Aires, Argentina | D7: CALLE 60 N 2280 | E7: Los Hornos | F7: Los Hornos | H7: OK | J7: -34.952834 | K7: -57.976181 | L7: Abrir
A8: Zona 16 - Los Hornos | B8: CLARA GONZALEZ | C8: Calle 141 1455, Los Hornos, Buenos Aires, Argentina | D8: 141 Nº1455 ENTRE 62 Y 63 | E8: Los Hornos | F8: Los Hornos | H8: OK | J8: -34.955087 | K8: -57.974646 | L8: Abrir
A9: Zona 16 - Los Hornos | B9: CLAUDIA TRAVERSARO | C9: Calle 165 1612, Los Hornos, Buenos Aires, Argentina | D9: C 165 1612 | E9: Los Hornos | F9: Los Hornos | H9: OK | J9: -34.979904 | K9: -57.995647 | L9: Abrir
A10: Zona 16 - Los Hornos | B10: DANI RUBIO MINI MARKET 155 | C10: Calle 149 y Calle 50BIS, Los Hornos, Buenos Aires, Argentina | D10: 149 E/ 50BIS Y 52 | E10: Los Hornos | F10: Los Hornos | H10: OK | J10: -34.955066 | K10: -57.992677 | L10: Abrir
A11: Zona 16 - Los Hornos | B11: EMILIANO OLIDEN LOS HORNOS | C11: Calle 147 y Calle 65, Los Hornos, Buenos Aires, Argentina | D11: 147 ESQ 65 1598 | E11: Los Hornos | F11: Los Hornos | H11: OK | J11: -34.962936 | K11: -57.977462 | L11: Abrir
A12: Zona 16 - Los Hornos | B12: FERNANDEZ JORGE LEONEL | C12: Calle 57 2867, Los Hornos, Buenos Aires, Argentina | D12: 57 N 2867 E 152 Y 153 | E12: Los Hornos | F12: Los Hornos | H12: OK | J12: -34.961155 | K12: -57.992174 | L12: Abrir
A13: Zona 16 - Los Hornos | B13: FIRPO LUCA FACUNDO - SPACARSTEL | C13: Calle 142 1019, Los Hornos, Buenos Aires, Argentina | D13: CALLE 142 E/ 52 Y 54 N1019 | E13: Los Hornos | F13: Los Hornos | H13: OK | J13: -34.949504 | K13: -57.984158 | L13: Abrir
A14: Zona 16 - Los Hornos | B14: IVAN FLORES | C14: Calle 142 y Calle 69, Los Hornos, Buenos Aires, Argentina | D14: 142 E/ 69 Y 70 SUPERMERCADO AZUL | E14: Los Hornos | F14: Los Hornos | H14: OK | J14: -34.961659 | K14: -57.96772 | L14: Abrir
A15: Zona 16 - Los Hornos | B15: JUAN DE ROSA VILLALBA | C15: Calle 62 3084, Los Hornos, Buenos Aires, Argentina | D15: 62 E/ 156 Y 157 N°3084 | E15: Los Hornos | F15: Los Hornos | H15: OK | J15: -34.969829 | K15: -57.991129 | L15: Abrir
A16: Zona 16 - Los Hornos | B16: JULIO CESAR ITHURRART | C16: Calle 68 3023, Los Hornos, Buenos Aires, Argentina | D16: 68 N°3023 E/ 155 Y 156 | E16: Los Hornos | F16: Los Hornos | H16: OK | J16: -34.973374 | K16: -57.982806 | L16: Abrir
... A23: Zona 16 - Los Hornos | B23: NICOLAS GIRAT -A60- | C23: Calle 60 y Calle 133, Los Hornos, Buenos Aires, Argentina | D23: 60 E/133 Y 134 | E23: Los Hornos | F23: Los Hornos | H23: OK | J23: -34.945626 | K23: -57.968798 | L23: Abrir
A24: Zona 16 - Los Hornos | B24: PABLO URBINA | C24: Calle 137 y Calle 60, Los Hornos, Buenos Aires, Argentina | D24: 137 Y 60 // 137 Y 66 | E24: Los Hornos | F24: Los Hornos | G24: Tiene dos direcciones; se usó la primera (137 y 60) | H24: OK | J24: -34.949408 | K24: -57.972735 | L24: Abrir
A25: Zona 16 - Los Hornos | B25: RODRIGUEZ ROMINA | C25: Calle 54 2526, Los Hornos, Buenos Aires, Argentina | D25: 54 N 2526 E/ 145 Y 146 | E25: Los Hornos | F25: Los Hornos | H25: OK | J25: -34.95342 | K25: -57.9873 | L25: Abrir
A26: Zona 16 - Los Hornos | B26: SAMANTA LOS 4 ELEMENTOS | C26: Calle 66 2057, Los Hornos, Buenos Aires, Argentina | D26: 66 N 2057 CASI ESQ. 136 | E26: Los Hornos | F26: Los Hornos | H26: OK | J26: -34.953603 | K26: -57.965285 | L26: Abrir
A27: Zona 16 - Los Hornos | B27: SERGIO MARCELO FERREYRA EL MARCELINO | C27: Calle 66 2054, Los Hornos, Buenos Aires, Argentina | D27: 66 n2054 e/136 Y 137 | E27: Los Hornos La Plata | F27: Los Hornos | H27: OK | J27: -34.9554 | K27: -57.967289 | L27: Abrir
A28: Zona 16 - Los Hornos | B28: SUSANA JUDITH LEÓN | C28: Calle 165 1568, Los Hornos, Buenos Aires, Argentina | D28: 165 º 1568 E/ 64 Y 65 | E28: Los Hornos | F28: Los Hornos | H28: OK | J28: -34.979101 | K28: -57.996515 | L28: Abrir
A29: Zona 16 - Los Hornos | B29: TAMARA STREMEL (LA BOTICA) | C29: Calle 62 2158, Los Hornos, Buenos Aires, Argentina | D29: 62 N°2158 E/ 138 Y 139 | E29: Los Hornos | F29: Los Hornos | H29: OK | J29: -34.952423 | K29: -57.971585 | L29: Abrir
A30: Zona 16 - Los Hornos | B30: DARIO CAMACHO | C30: Avenida 155 1158, Melchor Romero, Buenos Aires, Argentina | D30: AV. 155 E/ 520 Y 521 N1158 (NUEVA DIRECCION) | E30: Melchor Romero | F30: Melchor Romero | H30: OK | J30: -34.96282 | K30: -57.995447 | L30: Abrir
A31: Zona 16 - Los Hornos | B31: MANUEL BELTRAN QUIROGA | C31: Calle 65 3133, Melchor Romero, Buenos Aires, Argentina | D31: 65 3133 E/ 157 Y 158 | E31: M Romero | F31: Melchor Romero | H31: OK | J31: -34.972804 | K31: -57.98855 | L31: Abrir
A32: Zona 16 - Los Hornos | B32: YU XIANGWEN | C32: Calle 155 820, Melchor Romero, Buenos Aires, Argentina | D32: 155 N 820 E/ 523 Y 524 | E32: Melchor Romero | F32: Melchor Romero | H32: OK | J32: -34.958816 | K32: -58.000808 | L32: Abrir
A33: Zona 16 - Los Hornos | B33: BRISA ARRECIGOR | C33: Calle 49 2124, San Carlos, La Plata, Buenos Aires, Argentina | D33: 49 N°2124 E/ 137 Y 138 | E33: San Carlos | F33: San Carlos, La Plata | H33: OK | J33: -34.943132 | K33: -57.98241 | L33: Abrir
A34: Zona 16 - Los Hornos | B34: DANIEL MARTINEZ - LA NENA | C34: Calle 149 y Calle 45, San Carlos, La Plata, Buenos Aires, Argentina | D34: 149 E/ 45 Y 46 | E34: San Carlos | F34: San Carlos, La Plata | H34: OK | J34: -34.951324 | K34: -57.997712 | L34: Abrir
A35: Zona 16 - Los Hornos | B35: GUSTAVO HINCAPIE | C35: Calle 49 1807, San Carlos, La Plata, Buenos Aires, Argentina | D35: 49 E/ 131 Y 132 Nº1807 | E35: San Carlos | F35: San Carlos, La Plata | H35: OK | J35: -34.937081 | K35: -57.976192 | L35: Abrir
A36: Zona 16 - Los Hornos | B36: JUAN IGNACIO MERCURI | C36: Calle 49 2024, San Carlos, La Plata, Buenos Aires, Argentina | D36: 49 Nº2024 E/ 135 Y 136 | E36: San Carlos | F36: San Carlos, La Plata | H36: OK | J36: -34.941207 | K36: -57.980313 | L36: Abrir
A37: Zona 16 - Los Hornos | B37: ZULL CAZON - KIOSCO DARRELL | C37: Calle 49 2243, San Carlos, La Plata, Buenos Aires, Argentina | D37: C 49 2243 | E37: San Carlos | F37: San Carlos, La Plata | H37: OK | J37: -34.945178 | K37: -57.985044 | L37: Abrir

Sheet Zona 15 Melchor Abasto
A1: Zona 17 - Melchor Abasto | B1: PABLO
A2: 27 puntos de venta
A4: Zona | B4: Punto de venta | C4: Dirección (mapa) | D4: Dirección original | E4: Barrio | F4: Localidad | G4: Observación | H4: Estado | I4: Zona más cercana (si está fuera) | J4: Lat | K4: Lng | L4: Ver en Maps | M4: Corrección aplicada
A5: Zona 17 - Melchor Abasto | B5: ACHAVAL DANIELA | C5: Calle 208 y Calle 519, Abasto, Buenos Aires, Argentina | D5: 208 Y 519 | E5: Abasto | F5: Abasto | H5: OK | J5: -34.98471 | K5: -58.088064 | L5: Abrir
A6: Zona 17 - Melchor Abasto | B6: ADRIANA NORIEGA | C6: Calle 522 y Calle 211, Abasto, Buenos Aires, Argentina | D6: CALLE 522 E/ 211 Y 212 | E6: Abasto | F6: Abasto | H6: OK | J6: -34.989672 | K6: -58.087451 | L6: Abrir
A7: Zona 17 - Melchor Abasto | B7: ALEJANDRA VICENTE | C7: Calle 515 y Calle 230, Abasto, Buenos Aires, Argentina | D7: CALLE 515 E/ 230 Y 231 S/N | E7: Abasto | F7: Abasto | H7: OK | J7: -34.98174 | K7: -58.0942 | L7: Abrir
A8: Zona 17 - Melchor Abasto | B8: BLANCO GLADYS | C8: Calle 520 y Calle 210, Abasto, Buenos Aires, Argentina | D8: 520 Y 210 | E8: Abasto | F8: Abasto | H8: OK | J8: -34.987187 | K8: -58.088787 | L8: Abrir
A9: Zona 17 - Melchor Abasto | B9: CHEN BENGGUI AUTO. CHUKY CHUN | C9: Calle 522 y Calle 210, Abasto, Buenos Aires, Argentina | D9: 522 Y 210 | E9: Abasto | F9: Abasto | H9: OK | J9: -34.988837 | K9: -58.08652 | L9: Abrir
A10: Zona 17 - Melchor Abasto | B10: GUILLERMO DUVA | C10: Calle 208 1685, Abasto, Buenos Aires, Argentina | D10: 208 CASI ESQ 515 º1685 | E10: Abasto | F10: Abasto | H10: OK | J10: -34.981135 | K10: -58.092846 | L10: Abrir
A11: Zona 17 - Melchor Abasto | B11: LOUBRE GABRIELA | C11: Calle 519BIS y Calle 214, Abasto, Buenos Aires, Argentina | D11: 519 BIS ESQ. 214 | E11: Abasto | F11: Abasto | H11: OK | J11: -34.990565 | K11: -58.093104 | L11: Abrir
A12: Zona 17 - Melchor Abasto | B12: MABEL SEGOVIA | C12: Calle 212 515, Abasto, Buenos Aires, Argentina | D12: 212 N°515 E/ 515 Y 515BIS | E12: Abasto | F12: Abasto | H12: OK | J12: -34.984264 | K12: -58.097133 | L12: Abrir
A13: Zona 17 - Melchor Abasto | B13: MAXIMILIANO DIALOFF | C13: Calle 208 1005, Abasto, Buenos Aires, Argentina | D13: 208 N1005 E/ 521 Y 522 | E13: Abasto | F13: Abasto | H13: OK | J13: -34.987286 | K13: -58.08498 | L13: Abrir
A14: Zona 17 - Melchor Abasto | B14: NARIA LORENA GIUSTOZZI (AUTOSERVICIO NARGUS) | C14: Calle 520 11684, Abasto, Buenos Aires, Argentina | D14: 520 E/211 Y 212 Nº11684 | E14: Abasto | F14: Abasto | H14: OK | J14: -34.988878 | K14: -58.090329 | L14: Abrir
A15: Zona 17 - Melchor Abasto | B15: PALOMBA NATALIA | C15: Calle 44 5253, Abasto, Buenos Aires, Argentina | D15: 44 N 5253 Y 200 | E15: Abasto | F15: Abasto | H15: OK | J15: -34.9965 | K15: -58.0505 | L15: Abrir | M15: Pin corregido: Abasto, calle 44 y 200
A16: Zona 17 - Melchor Abasto | B16: PAMELA CATTONI | C16: Calle 208 y Calle 519BIS, Abasto, Buenos Aires, Argentina | D16: CALLE 208 E/ 519BIS Y 520 | E16: Abasto | F16: Abasto | H16: OK | J16: -34.98471 | K16: -58.088064 | L16: Abrir
A17: Zona 17 - Melchor Abasto | B17: ROJAS DELIA | C17: Calle 210 1255, Abasto, Buenos Aires, Argentina | D17: 210 Y 519 BIS N 1255 | E17: Abasto | F17: Abasto | H17: OK | J17: -34.986476 | K17: -58.089674 | L17: Abrir
A18: Zona 17 - Melchor Abasto | B18: DRUGSTORE AUGUSTO ANTONIETI | C18: Calle 44 5113, Lisandro Olmos, Buenos Aires, Argentina | D18: 44 5113 E/ 197 Y 198 | E18: Lisandro Olmos | F18: Lisandro Olmos | H18: OK | J18: -34.995508 | K18: -58.048715 | L18: Abrir
A19: Zona 17 - Melchor Abasto | B19: JORGE ABASTO (60) | C19: Calle 185 47, Lisandro Olmos, Buenos Aires, Argentina | D19: CALLE 185 Y 80 N° 47 | E19: Lisandro Olmos | F19: Lisandro Olmos | H19: OK | J19: -34.974773 | K19: -58.048493 | L19: Abrir
A20: Zona 17 - Melchor Abasto | B20: MIRIAM/DANIEL BALDIVIESO (AUTOSERV KRB) | C20: Calle 206 733, Lisandro Olmos, Buenos Aires, Argentina | D20: 206 E/ 46 Y 47 Nº733 | E20: Olmos | F20: Lisandro Olmos | H20: OK | J20: -35.006188 | K20: -58.054597 | L20: Abrir
A21: Zona 17 - Melchor Abasto | B21: PUMA R. 36 Y AV. 44 | C21: Calle 44 y Ruta 36, Lisandro Olmos, Buenos Aires, Argentina | D21: 44 Y RUTA 36 | E21: Olmos | F21: Lisandro Olmos | H21: OK | J21: -34.994133 | K21: -58.035981 | L21: Abrir
A22: Zona 17 - Melchor Abasto | B22: WANG TINGCHUN | C22: Calle 44 6728, Lisandro Olmos, Buenos Aires, Argentina | D22: CALLE 44 N 6728 E/ 229 Y 230 | E22: Lisandro Olmos | F22: Lisandro Olmos | H22: OK | J22: -34.999216 | K22: -58.052155 | L22: Abrir
A23: Zona 17 - Melchor Abasto | B23: XU XIANGWEI SUPER 520 | C23: Avenida 44 y Calle 184, Lisandro Olmos, Buenos Aires, Argentina | D23: AV. 44 ESQ 184 | E23: Olmos | F23: Lisandro Olmos | H23: OK | J23: -34.983153 | K23: -58.034925 | L23: Abrir
A24: Zona 17 - Melchor Abasto | B24: AYELEN PAVÓN - KIOSCO HOSPITAL AMARILLO Y GRIS | C24: Avenida 520 y Calle 175, Melchor Romero, Buenos Aires, Argentina | D24: AV 520 Y 175 | E24: Melchor Romero | F24: Melchor Romero | H24: OK | J24: -34.954392 | K24: -58.05285 | L24: Abrir
A25: Zona 17 - Melchor Abasto | B25: DARIO BRUNY | C25: Calle 155 1499, Melchor Romero, Buenos Aires, Argentina | D25: 155 ESQ. 61BIS N 1499 | E25: Melchor Romero | F25: Melchor Romero | H25: OK | J25: -34.932915 | K25: -58.035663 | L25: Abrir
A26: Zona 17 - Melchor Abasto | B26: IAN PAUL PELLAT - LOS MOROCHOS | C26: Calle 169 1224, Melchor Romero, Buenos Aires, Argentina | D26: CALLE 169 E/ 520 Y 519 N1224 | E26: Melchor Romero | F26: Melchor Romero | H26: OK | J26: -34.949763 | K26: -58.045595 | L26: Abrir
A27: Zona 17 - Melchor Abasto | B27: LUCY AMARANTO | C27: Calle 519 164, Melchor Romero, Buenos Aires, Argentina | D27: 519 º164 E/ 163 Y 164 | E27: Melchor Romero | F27: Melchor Romero | H27: OK | J27: -34.945879 | K27: -58.045209 | L27: Abrir
... A31: Zona 17 - Melchor Abasto | B31: SUPER DIEGO | C31: Calle 169 y Calle 521, Melchor Romero, Buenos Aires, Argentina | D31: 169 Y 521 | E31: Melchor Romero | F31: Melchor Romero | H31: OK | J31: -34.949763 | K31: -58.045595 | L31: Abrir

Sheet Zona 16 Villa Elvira
A1: Zona 18 - Villa Elvira | B1: PABLO
A2: 26 puntos de venta
A4: Zona | B4: Punto de venta | C4: Dirección (mapa) | D4: Dirección original | E4: Barrio | F4: Localidad | G4: Observación | H4: Estado | I4: Zona más cercana (si está fuera) | J4: Lat | K4: Lng | L4: Ver en Maps | M4: Corrección aplicada
A5: Zona 18 - Villa Elvira | B5: ANIBAL JESÚS BULHMANN | C5: Calle 131 2004, Altos de San Lorenzo, Buenos Aires, Argentina | D5: 131 º2004 ESQ 73 | E5: Altos De San Lorenzo | F5: Altos de San Lorenzo | H5: OK | J5: -34.954533 | K5: -57.950937 | L5: Abrir
A6: Zona 18 - Villa Elvira | B6: GERMAN GONZALEZ MOYANO | C6: Calle 27 2248, Altos de San Lorenzo, Buenos Aires, Argentina | D6: 27 Y 78 N2248 | E6: Altos De San Lorenzo | F6: Altos de San Lorenzo | H6: OK | J6: -34.954111 | K6: -57.942432 | L6: Abrir
A7: Zona 18 - Villa Elvira | B7: SEBASTIAN BRUJITA11 | C7: Calle 31 y Calle 76, Altos de San Lorenzo, Buenos Aires, Argentina | D7: 31 Y 76 | E7: Altos De San Lorenzo/La Platala | F7: Altos de San Lorenzo | H7: OK | J7: -34.95641 | K7: -57.94889 | L7: Abrir
A8: Zona 18 - Villa Elvira | B8: WEBER FERNANDA REVENTA | C8: Calle 23 2222, Altos de San Lorenzo, Buenos Aires, Argentina | D8: 23 N 2222 E/ 77 Y 78 | E8: Altos De San Lorenzo | F8: Altos de San Lorenzo | H8: OK | J8: -34.949788 | K8: -57.938908 | L8: Abrir
A9: Zona 18 - Villa Elvira | B9: GARGIULO MARTIN | C9: Ruta 11 y Calle 25, Berisso, Buenos Aires, Argentina | D9: RUTA 11 Y 25 | E9: Berisso | F9: Berisso | H9: OK | J9: -34.926435 | K9: -57.901582 | L9: Abrir
A10: Zona 18 - Villa Elvira | B10: JOHANNA DESPOUX | C10: Calle 8 2866, Berisso, Buenos Aires, Argentina | D10: 8 N°2866 E/ 150 Y 151 | E10: Berisso | F10: Berisso | H10: OK | J10: -34.945453 | K10: -57.910938 | L10: Abrir
A11: Zona 18 - Villa Elvira | B11: MACIEL GABRIELA | C11: Calle 11 3899, Berisso, Buenos Aires, Argentina | D11: 11 Y 162 N 3899 | E11: Berisso | F11: Berisso | H11: OK | J11: -34.935822 | K11: -57.930624 | L11: Abrir
A12: Zona 18 - Villa Elvira | B12: MARCELLINI CHRISTIAN | C12: Calle 8 2765, Berisso, Buenos Aires, Argentina | D12: 8 ENTRE 152 Y 152 N 2765 | E12: Berisso | F12: Berisso | H12: OK | J12: -34.943963 | K12: -57.912651 | L12: Abrir
A13: Zona 18 - Villa Elvira | B13: MELINA GOMEZ (ALMACEN MELY) | C13: Calle 28 415, Berisso, Buenos Aires, Argentina | D13: 28 (EX86) E/123 Y 124 N°415 | E13: Berisso | F13: Berisso | H13: OK | J13: -34.925999 | K13: -57.89624 | L13: Abrir
A14: Zona 18 - Villa Elvira | B14: ROCIO BRITEZ - MICAELA ALVARADO | C14: Calle 122 y Calle 21, Berisso, Buenos Aires, Argentina | D14: 122 Y 21 (QUEDA EN LA ESQUINA) | E14: Berisso | F14: Berisso | H14: OK | J14: -34.923412 | K14: -57.905204 | L14: Abrir
A15: Zona 18 - Villa Elvira | B15: ECHEVERRIA WILLIANS | C15: Calle 24 2483, La Plata, Buenos Aires, Argentina | D15: 24 N 2483 E/83 Y 82 | E15: La Plata | F15: La Plata | H15: OK | J15: -34.954827 | K15: -57.935164 | L15: Abrir
A16: Zona 18 - Villa Elvira | B16: KIOSCO LILIANA NELLI 1 Y 77 | C16: Calle 1 y Calle 77, La Plata, Buenos Aires, Argentina | D16: 1 Y 77 | E16: La Plata | F16: La Plata | H16: OK | J16: -34.928192 | K16: -57.917945 | L16: Abrir | M16: Pin corregido según la grilla de calles de La Plata
A17: Zona 18 - Villa Elvira | B17: RUBEN SANCHEZ | C17: Calle 73 740, La Plata, Buenos Aires, Argentina | D17: 73 º740 E/ 3 Y 65 | E17: La Plata | F17: La Plata | H17: OK | J17: -34.934829 | K17: -57.929178 | L17: Abrir
A18: Zona 18 - Villa Elvira | B18: SHUYUN QIU (SUPERMERCADO 22) | C18: Calle 22 2440, La Plata, Buenos Aires, Argentina | D18: 22 E/ 81 Y 82 Nº 2440 | E18: La Plata 3 | F18: La Plata | H18: OK | J18: -34.952644 | K18: -57.932737 | L18: Abrir
A19: Zona 18 - Villa Elvira | B19: ABEL PUJOL DUPLEX PARED ROJA | C19: Calle 116 2607, Villa Elvira, Buenos Aires, Argentina | D19: 116 E/ 85 Y 85BIS N2607 | E19: Villa Elvira | F19: Villa Elvira | H19: OK | J19: -34.933366 | K19: -57.905844 | L19: Abrir
A20: Zona 18 - Villa Elvira | B20: ANDREA FRANCAS 80 | C20: Calle 80 y Calle 4, Villa Elvira, Buenos Aires, Argentina | D20: CALLE 80 3 Y 4 | E20: Villa Elvira | F20: Villa Elvira | H20: OK | J20: -34.934411 | K20: -57.916537 | L20: Abrir
A21: Zona 18 - Villa Elvira | B21: CRISTINA BUBICO | C21: Calle 7 2300, Villa Elvira, Buenos Aires, Argentina | D21: 7 Y 79 Nº2300 | E21: Villa Elvira | F21: Villa Elvira | H21: OK | J21: -34.936158 | K21: -57.920715 | L21: Abrir
A22: Zona 18 - Villa Elvira | B22: EMILIANO OLIDEN | C22: Calle 6 2133, Villa Elvira, Buenos Aires, Argentina | D22: 6 Nº2133 E/75 Y 75 | E22: Villa Elvira | F22: Villa Elvira | H22: OK | J22: -34.933 | K22: -57.923319 | L22: Abrir
A23: Zona 18 - Villa Elvira | B23: ESPINDOLA CLAUDIA ANDREA NUEVA DIRECCIÓN | C23: Boulevard 81 1531, Villa Elvira, Buenos Aires, Argentina | D23: BOULEVARD 81 NRO 1531 E/ 25 Y 26 | E23: Villa Elvira | F23: Villa Elvira | H23: OK | J23: -34.954456 | K23: -57.938744 | L23: Abrir | M23: Pin corregido según la grilla de calles de La Plata
A24: Zona 18 - Villa Elvira | B24: GARIELA ROTELA (LENI ALMACEN) | C24: Avenida 1 2332, Villa Elvira, Buenos Aires, Argentina | D24: AV 1 E/ 79 Y 80 Nº 2332 | E24: Villa Elvira | F24: Villa Elvira | H24: OK | J24: -34.931074 | K24: -57.91366 | L24: Abrir
A25: Zona 18 - Villa Elvira | B25: JULIETA ALMANDOZ 85 | C25: Calle 85 896, Villa Elvira, Buenos Aires, Argentina | D25: 85 º896 E/ 12 Y 13 | E25: Villa Elvira | F25: Villa Elvira | H25: OK | J25: -34.946849 | K25: -57.919983 | L25: Abrir
A26: Zona 18 - Villa Elvira | B26: LILIANA MALDONADO (ALM EL ÑATO) | C26: Calle 77 889, Villa Elvira, Buenos Aires, Argentina | D26: 77 E/ 12BIS Y 13 Nº 889 | E26: Villa Elvira | F26: Villa Elvira | H26: OK | J26: -34.939998 | K26: -57.929027 | L26: Abrir
A27: Zona 18 - Villa Elvira | B27: LUCIANA DEL INTENTO | C27: Calle 80 895, Villa Elvira, Buenos Aires, Argentina | D27: 80 E/ 12BIS Y 13 Nº 895 | E27: Villa Elvira | F27: Villa Elvira | H27: OK | J27: -34.942625 | K27: -57.925926 | L27: Abrir
A28: Zona 18 - Villa Elvira | B28: MARCOS ABREGU (KIOSCO CALABRESE) | C28: Calle 80 317, Villa Elvira, Buenos Aires, Argentina | D28: 80 Nº 317 E/ 1 Y 2 | E28: Villa Elvira | F28: Villa Elvira | H28: OK | J28: -34.931806 | K28: -57.913958 | L28: Abrir
A29: Zona 18 - Villa Elvira | B29: MARY FOMIATTI AUTOSERVICIO | C29: Calle 7 y Calle 82, Villa Elvira, Buenos Aires, Argentina | D29: 7 Y 82 | E29: Villa Elvira | F29: Villa Elvira | H29: OK | J29: -34.938899 | K29: -57.917418 | L29: Abrir
A30: Zona 18 - Villa Elvira | B30: TOLEDO NATALIA | C30: Calle 7 y Calle 72, Villa Elvira, Buenos Aires, Argentina | D30: 7 E/ 72 Y 73 | E30: Villa Elivira | F30: Villa Elvira | H30: OK | J30: -34.930665 | K30: -57.92838 | L30: Abrir | M30: Pin corregido según la grilla de calles de La Plata

Sheet Zona 17 Ensenada
A1: Zona 19 - Ensenada | B1: CHRISTIAN
A2: 28 puntos de venta
A4: Zona | B4: Punto de venta | C4: Dirección (mapa) | D4: Dirección original | E4: Barrio | F4: Localidad | G4: Observación | H4: Estado | I4: Zona más cercana (si está fuera) | J4: Lat | K4: Lng | L4: Ver en Maps | M4: Corrección aplicada
A5: Zona 19 - Ensenada | B5: ABIGAIL JIMENEZ | C5: Bosinga 650, Ensenada, Buenos Aires, Argentina | D5: BOSINGA ESQ BRASIL º650 | E5: Ensenada | F5: Ensenada | H5: OK | J5: -34.858925 | K5: -57.91477 | L5: Abrir
A6: Zona 19 - Ensenada | B6: ARRIETA IRENE | C6: Saenz Pena 482, Ensenada, Buenos Aires, Argentina | D6: SAENZ PEÑA N 482 | E6: Ensenada | F6: Ensenada | H6: OK | J6: -34.864748 | K6: -57.916524 | L6: Abrir
A7: Zona 19 - Ensenada | B7: DAVID LOS ABUELOS | C7: Mitre 681, Ensenada, Buenos Aires, Argentina | D7: MITRE 681 e/ YRIGOYEN Y SANTILLI | E7: Ensenada | F7: Ensenada | H7: OK | J7: -34.86929 | K7: -57.904603 | L7: Abrir
A8: Zona 19 - Ensenada | B8: GOLOSWEET (PABLO) | C8: La Merced 431, Ensenada, Buenos Aires, Argentina | D8: LA MERCED º431 E/ FERELLA Y DON BOSCO | E8: Ensenada | F8: Ensenada | H8: OK | J8: -34.857604 | K8: -57.906521 | L8: Abrir
A9: Zona 19 - Ensenada | B9: GOMEZ JOSE | C9: Sidotti 839, Ensenada, Buenos Aires, Argentina | D9: SIDOTTI N 839 | E9: Ensenada | F9: Ensenada | H9: OK | J9: -34.853052 | K9: -57.9137 | L9: Abrir
A10: Zona 19 - Ensenada | B10: GUSTAVO GERARDO SOSA | C10: Vicente Calzeta 767, Ensenada, Buenos Aires, Argentina | D10: VICENTE CALZETA º767 E/ QUINTANA Y MORENO | E10: Ensenada | F10: Ensenada | H10: OK | J10: -34.867785 | K10: -57.910021 | L10: Abrir
A11: Zona 19 - Ensenada | B11: KEOPS MARCHI PABLO | C11: Bossinga 502, Ensenada, Buenos Aires, Argentina | D11: BOSSINGA N 502 | E11: Ensenada | F11: Ensenada | H11: OK | J11: -34.860699 | K11: -57.912396 | L11: Abrir
A12: Zona 19 - Ensenada | B12: LEONARDO DALOISIO LA MERCED | C12: La Merced 248, Ensenada, Buenos Aires, Argentina | D12: LA MERCED N 248 ESQUINA SARMIENTO | E12: Ensenada | F12: Ensenada | H12: OK | J12: -34.860244 | K12: -57.903789 | L12: Abrir
A13: Zona 19 - Ensenada | B13: LIN MEIYING (SE ENTREGA EN WU WEN CHEN) | C13: Chile 561, Ensenada, Buenos Aires, Argentina | D13: CHILE 561 | E13: Ensenada | F13: Ensenada | H13: OK | J13: -34.856904 | K13: -57.915887 | L13: Abrir
A14: Zona 19 - Ensenada | B14: MARIA LAURA TREMARI | C14: Ayacucho 935, Ensenada, Buenos Aires, Argentina | D14: AYACUCHO º935 E/ SAAVEDRA Y CONTARELLI | E14: Ensenada | F14: Ensenada | H14: OK | J14: -34.859563 | K14: -57.925077 | L14: Abrir
A15: Zona 19 - Ensenada | B15: MELINA MARCOS | C15: Horacio Cestino 591, Ensenada, Buenos Aires, Argentina | D15: HORACIO CESTINO º591 E/ BOSINGA E INDEPENDENCIA | E15: Ensenada | F15: Ensenada | H15: OK | J15: -34.865695 | K15: -57.90594 | L15: Abrir
A16: Zona 19 - Ensenada | B16: NORMA NARVAY | C16: Belgica 30, Ensenada, Buenos Aires, Argentina | D16: BELGICA N°30 E/ ALMAFUERTE Y GILBERTO GAGGINO | E16: Ensenada | F16: Ensenada | H16: OK | J16: -34.869404 | K16: -57.902256 | L16: Abrir
... A21: Zona 19 - Ensenada | B21: REYES ROSALIA | C21: J. V. Gonzalez 1252, Ensenada, Buenos Aires, Argentina | D21: J. V. GONZALEZ N 1252 | E21: Ensenada | F21: Ensenada | H21: OK | J21: -34.873767 | K21: -57.91198 | L21: Abrir
A22: Zona 19 - Ensenada | B22: ROXANA ETCHEBARNE | C22: Contarelli 681, Ensenada, Buenos Aires, Argentina | D22: CONTARELLI º681 E/ ARAMBURE Y 25 DE MAYO | E22: Ensenada | F22: Ensenada | H22: OK | J22: -34.86 | K22: -57.924 | L22: Abrir | M22: Pin corregido: Ensenada centro (Contarelli) — aproximado
A23: Zona 19 - Ensenada | B23: SANDRA GRISELDA MENDEZ | C23: La Merced 290, Ensenada, Buenos Aires, Argentina | D23: LA MERCED º290 E/ SARMIENTO Y PERÚ | E23: Ensenada | F23: Ensenada | H23: OK | J23: -34.859597 | K23: -57.904482 | L23: Abrir
A24: Zona 19 - Ensenada | B24: SANTIAGO LA COLMENITA (EX MARIA LUZ PEDROS) | C24: Sidotti y Don Bosco, Ensenada, Buenos Aires, Argentina | D24: SIDOTTI ESQ DON BOSCO | E24: Ensenada | F24: Ensenada | H24: OK | J24: -34.858121 | K24: -57.907714 | L24: Abrir
A25: Zona 19 - Ensenada | B25: SUPER ASIA 47 LIN QIURONG | C25: Calle 47 523, Ensenada, Buenos Aires, Argentina | D25: 47 º523 E/ 125 Y 126 | E25: Ensenada | F25: Ensenada | H25: OK | J25: -34.863534 | K25: -57.915895 | L25: Abrir
A26: Zona 19 - Ensenada | B26: TOBIAS PAGANO BUSSAIN LA CHINITA GROWSHOP | C26: La Paz 385, Ensenada, Buenos Aires, Argentina | D26: LA PAZ 385 e/SAN MARTIN Y SIDOTTI | E26: Ensenada | F26: Ensenada | H26: OK | J26: -34.859849 | K26: -57.906786 | L26: Abrir
A27: Zona 19 - Ensenada | B27: VALERIA JALDIN (CESTINO) | C27: Horacio Cestino 833, Ensenada, Buenos Aires, Argentina | D27: HORACIO CESTINO 833 E/ MORENO Y ZAENS PEÑA | E27: Ensenada | F27: Ensenada | H27: OK | J27: -34.869158 | K27: -57.910284 | L27: Abrir
A28: Zona 19 - Ensenada | B28: VARGAS JAIME OSCAR | C28: La Merced 347, Ensenada, Buenos Aires, Argentina | D28: LA MERCED 347 | E28: Ensenada | F28: Ensenada | H28: OK | J28: -34.858754 | K28: -57.905164 | L28: Abrir
A29: Zona 19 - Ensenada | B29: VERON EMILSE | C29: C Gilberto Gaggino 226, Ensenada, Buenos Aires, Argentina | D29: C GILBERTO GAGGINO 226 E/ MEDICI Y MENDOZ | E29: Ensenada | F29: Ensenada | H29: OK | J29: -34.860811 | K29: -57.89677 | L29: Abrir
A30: Zona 19 - Ensenada | B30: WANG QING | C30: La Merced 201, Ensenada, Buenos Aires, Argentina | D30: LA MERCED º201 ESQ MARQUEZ AVILÉS | E30: Ensenada | F30: Ensenada | H30: OK | J30: -34.860576 | K30: -57.902937 | L30: Abrir
A31: Zona 19 - Ensenada | B31: WU WEN CHEN SUPER | C31: Chile 561, Ensenada, Buenos Aires, Argentina | D31: CALLE CHILE 561 | E31: Ensenada | F31: Ensenada | H31: OK | J31: -34.856904 | K31: -57.915887 | L31: Abrir
A32: Zona 19 - Ensenada | B32: YANINA ROMERO - porton madera | C32: Aristobulo Del Valle 637, Ensenada, Buenos Aires, Argentina | D32: ARISTOBULO DEL VALLE 637 | E32: Ensenada | F32: Ensenada | H32: OK | J32: -34.854335 | K32: -57.908974 | L32: Abrir

Sheet Zona 18 Berisso
A1: Zona 20 - Berisso | B1: PABLO
A2: 41 puntos de venta
A4: Zona | B4: Punto de venta | C4: Dirección (mapa) | D4: Dirección original | E4: Barrio | F4: Localidad | G4: Observación | H4: Estado | I4: Zona más cercana (si está fuera) | J4: Lat | K4: Lng | L4: Ver en Maps | M4: Corrección aplicada
A5: Zona 20 - Berisso | B5: ADRIAN KARAGOUNIS | C5: Montevideo 2784, Berisso, Buenos Aires, Argentina | D5: MONTEVIDEO 2784 E/ 29 Y 30 | E5: Berisso | F5: Berisso | H5: OK | J5: -34.876105 | K5: -57.860048 | L5: Abrir
A6: Zona 20 - Berisso | B6: ADRIANO NUMA | C6: Montevideo 2673, Berisso, Buenos Aires, Argentina | D6: MONTEVIDEO N 2673 EN 28 Y 29 | E6: Berisso | F6: Berisso | H6: OK | J6: -34.875982 | K6: -57.861666 | L6: Abrir
A7: Zona 20 - Berisso | B7: ANALÍA CHIODO | C7: Montevideo 276, Berisso, Buenos Aires, Argentina | D7: MONTEVIDEO 276 E/ 4 Y 5 | E7: Berisso | F7: Berisso | H7: OK | J7: -34.865643 | K7: -57.889363 | L7: Abrir
A8: Zona 20 - Berisso | B8: ANDREA ABRAHAM | C8: Larrea 369, Berisso, Buenos Aires, Argentina | D8: LARREA 369 ESQ HOMERO MANZI | E8: Berisso | F8: Berisso | H8: OK | J8: -34.880621 | K8: -57.856023 | L8: Abrir
A9: Zona 20 - Berisso | B9: ANDREA ROJAS | C9: Calle 17 1495, Berisso, Buenos Aires, Argentina | D9: 17 Y 153 Nº 1495 | E9: Berisso | F9: Berisso | H9: OK | J9: -34.888284 | K9: -57.888664 | L9: Abrir
A10: Zona 20 - Berisso | B10: AQUILES MANUEL VITALE (KIOSCO 16) | C10: Calle 16 3680, Berisso, Buenos Aires, Argentina | D10: 16 ESQ 160 N°3680 | E10: Berisso | F10: Berisso | H10: OK | J10: -34.879051 | K10: -57.883108 | L10: Abrir
A11: Zona 20 - Berisso | B11: AQUILES MANUEL VITALE (KIOSCO LA 35) | C11: Montevideo 3502, Berisso, Buenos Aires, Argentina | D11: MONTEVIDEO Nº3502 ESQ 35 | E11: Berisso | F11: Berisso | H11: OK | J11: -34.877806 | K11: -57.851651 | L11: Abrir
A12: Zona 20 - Berisso | B12: AQUILES VITALE (KIOSCO 145) | C12: Calle 145 525, Berisso, Buenos Aires, Argentina | D12: 145 º525 E/ 7 Y 8 | E12: Berisso | F12: Berisso | H12: OK | J12: -34.888704 | K12: -57.903659 | L12: Abrir
A13: Zona 20 - Berisso | B13: ARIEL RAINGENBONN | C13: Montevideo 1493, Berisso, Buenos Aires, Argentina | D13: CALLE MONTEVIDEO Nº1493 E 16 Y 17 | E13: Berisso | F13: Berisso | H13: OK | J13: -34.872074 | K13: -57.875943 | L13: Abrir
A14: Zona 20 - Berisso | B14: ARZEL JULIETA BERISSO | C14: Calle 160 1445, Berisso, Buenos Aires, Argentina | D14: 160 N 1445 E/ 16 Y 17 | E14: Berisso | F14: Berisso | H14: OK | J14: -34.879479 | K14: -57.882573 | L14: Abrir
A15: Zona 20 - Berisso | B15: CINTIA PEREYRA | C15: Calle 11 2439, Berisso, Buenos Aires, Argentina | D15: CALLE 11 GUAYAQUIL N2439 E/ 150 Y MAGDALENA | E15: Berisso | F15: Berisso | H15: OK | J15: -34.886551 | K15: -57.897132 | L15: Abrir
A16: Zona 20 - Berisso | B16: CORONEL MAURO | C16: Calle 23 y Calle 162, Berisso, Buenos Aires, Argentina | D16: 23 ESQUINA 162 | E16: Berisso | F16: Berisso | H16: OK | J16: -34.88142 | K16: -57.87425 | L16: Abrir
... A38: Zona 20 - Berisso | B38: NICOLETTI MARIANA | C38: Montevideo 1948, Berisso, Buenos Aires, Argentina | D38: MONTEVIDEO E/21 Y 22 N 1948 | E38: Berisso | F38: Berisso | H38: OK | J38: -34.873381 | K38: -57.869814 | L38: Abrir
A39: Zona 20 - Berisso | B39: OMAR BULICH | C39: Calle 6 4489, Berisso, Buenos Aires, Argentina | D39: 6 N°4489 E/ MONTEVIDEO Y 166 | E39: Berisso | F39: Berisso | H39: OK | J39: -34.8675 | K39: -57.8875 | L39: Abrir | M39: Pin corregido: Berisso, calle 6 y Montevideo
A40: Zona 20 - Berisso | B40: PATRICIO RAMALLO FULL SERVICE SA AXION BERISSO | C40: Calle 30 3410, Berisso, Buenos Aires, Argentina | D40: 30 N 3410 | E40: Berisso | F40: Berisso | H40: OK | J40: -34.889142 | K40: -57.870324 | L40: Abrir
A41: Zona 20 - Berisso | B41: PERSICO ROBERTO ALMACEN | C41: Calle 161 1070, Berisso, Buenos Aires, Argentina | D41: CALLE 161 Nº 1070 ESQ. 13 | E41: Berisso | F41: Berisso | H41: OK | J41: -34.876152 | K41: -57.885884 | L41: Abrir
A42: Zona 20 - Berisso | B42: RENATO BANDILI | C42: Montevideo 2256, Berisso, Buenos Aires, Argentina | D42: MONTEVIDEO º2256 E/ 24 Y 24E | E42: Berisso | F42: Berisso | H42: OK | J42: -34.874283 | K42: -57.866923 | L42: Abrir
A43: Zona 20 - Berisso | B43: SANCHEZ GLADYS | C43: Calle 164 331, Berisso, Buenos Aires, Argentina | D43: 164 ENTRE 30 Y 31 N 331 | E43: Berisso | F43: Berisso | H43: OK | J43: -34.8695 | K43: -57.890595 | L43: Abrir
A44: Zona 20 - Berisso | B44: SUPER TIAN | C44: Avenida R De Janeiro 4039, Berisso, Buenos Aires, Argentina | D44: AV R DE JANEIRO 4039 E/ 162 Y 163 | E44: Berisso | F44: Berisso | H44: OK | J44: -34.870977 | K44: -57.892402 | L44: Abrir
A45: Zona 20 - Berisso | B45: VALERIA JALDIN (153) | C45: Calle 153 1241, Berisso, Buenos Aires, Argentina | D45: 153 N°1241 E/ 14 Y 15 | E45: Berisso | F45: Berisso | H45: OK | J45: -34.884833 | K45: -57.890217 | L45: Abrir

Sheet Sin zona
A1: Sin zona
A2: 43 puntos de venta
A4: Zona | B4: Punto de venta | C4: Dirección (mapa) | D4: Dirección original | E4: Barrio | F4: Localidad | G4: Observación | H4: Estado | I4: Zona más cercana (si está fuera) | J4: Lat | K4: Lng | L4: Ver en Maps | M4: Corrección aplicada
A5: Sin zona | B5: ALMACEN DIA 13 ADRIAN PERATA | C5: Calle 496 y Calle 233, Abasto, Buenos Aires, Argentina | D5: 496 E 233 Y 234 | E5: Abasto | F5: Abasto | H5: Fuera de las zonas dibujadas | I5: Zona 17 - Melchor Abasto (a 1.9 km) | J5: -34.986418 | K5: -58.132439 | L5: Abrir
A6: Sin zona | B6: SUPERMERCADO ASAHI | C6: Calle 460 y Calle 186, Abasto, Buenos Aires, Argentina | D6: 460 ENTRE 186 Y RUTA 36 | E6: Abasto | F6: Abasto | H6: Fuera de las zonas dibujadas | I6: Zona 17 - Melchor Abasto (a 3.2 km) | J6: -34.933281 | K6: -58.104699 | L6: Abrir
A7: Sin zona | B7: ELSA LOPEZ | C7: Calle 77 1990, Altos de San Lorenzo, Buenos Aires, Argentina | D7: 77 N°1990 E/ 135 Y 134 BIS | E7: Alt San Lorenzo | F7: Altos de San Lorenzo | H7: Fuera de las zonas dibujadas | I7: Zona 18 - Villa Elvira (a 0.0 km) | J7: -34.961007 | K7: -57.951537 | L7: Abrir
A8: Sin zona | B8: COPPOLA SANDRA | C8: Calle 441 4429, Arturo Seguí, Buenos Aires, Argentina | D8: 441 N 4429 E/ 139 Y 140 | E8: Arturo Segui | F8: Arturo Seguí | H8: Fuera de las zonas dibujadas | I8: Zona 01 - Villa Elisa (a 1.1 km) | J8: -34.893487 | K8: -58.096119 | L8: Abrir
A9: Sin zona | B9: ANDREA FRANCAS RUTA 11 - FIAMBRERÍA | C9: Ruta 11 2913 y Calle 91, Berisso, Buenos Aires, Argentina | D9: RUTA 11 2913 E/ 91 Y 92 | E9: Berisso | F9: Berisso | H9: Fuera de las zonas dibujadas | I9: Zona 18 - Villa Elvira (a 0.3 km) | J9: -34.931288 | K9: -57.894444 | L9: Abrir
A10: Sin zona | B10: DESIMONE AUTOSERVICIO BERAKA | C10: Calle 12 697, Berisso, Buenos Aires, Argentina | D10: calle 12 esq 155 n697 | E10: Berisso | F10: Berisso | H10: Fuera de las zonas dibujadas | I10: Zona 13 - Lateral Sureste (a 0.6 km) | J10: -34.909561 | K10: -57.911595 | L10: Abrir
A11: Sin zona | B11: MACIEL VICTOR | C11: Avenida Montevideo y Calle 36, Berisso, Buenos Aires, Argentina | D11: AV. MONTEVIDEO Y 36 | E11: Berisso | F11: Berisso | H11: Fuera de las zonas dibujadas | I11: Zona 20 - Berisso (a 0.0 km) | J11: -34.878208 | K11: -57.851058 | L11: Abrir
A12: Sin zona | B12: CISNEROS NADIA SOLEDAD LOS24 | C12: Calle 28 4830, City Bell, Buenos Aires, Argentina | D12: 28 4830 E/ 483 Y 484 | E12: City Bell | F12: City Bell | H12: Fuera de las zonas dibujadas | I12: Zona 03 - Gonnet Ringuelet (a 0.4 km) | J12: -34.890877 | K12: -58.041871 | L12: Abrir
A13: Sin zona | B13: JESUS NAZARENO VAZQUEZ (YAMILA) | C13: Calle 133BIS 522, City Bell, Buenos Aires, Argentina | D13: 133BIS 522 E/ 470 Y 471 | E13: City Bell | F13: City Bell | H13: Fuera de las zonas dibujadas | I13: Zona 02 - City Bell (a 1.4 km) | J13: -34.894959 | K13: -58.061157 | L13: Abrir
A14: Sin zona | B14: PATRICIA NOEMI (FRENTE A PLAZA EMILIA) | C14: Calle 472 3795, City Bell, Buenos Aires, Argentina | D14: 472 3795 E/132 bis y 133 | E14: City Bell | F14: City Bell | H14: Fuera de las zonas dibujadas | I14: Zona 02 - City Bell (a 1.3 km) | J14: -34.89425 | K14: -58.059548 | L14: Abrir
A15: Sin zona | B15: PATRICIA PITTORI EL PORTEÑO MARGARITA | C15: Calle 467 y Calle 144, City Bell, Buenos Aires, Argentina | D15: 467 Y 144 | E15: City Bell | F15: City Bell | H15: Fuera de las zonas dibujadas | I15: Zona 01 - Villa Elisa (a 2.5 km) | J15: -34.904126 | K15: -58.070651 | L15: Abrir
A16: Sin zona | B16: JULIO FELIPE CEJAS | C16: Calle 123 144, Ensenada, Buenos Aires, Argentina | D16: 123 Y 35 Nº 144 | E16: Ensenada | F16: Ensenada | H16: Fuera de las zonas dibujadas | I16: Zona 04 - Tolosa (a 0.3 km) | J16: -34.885085 | K16: -57.955638 | L16: Abrir
A17: Sin zona | B17: CUPO SEBASTIAN EDUARDO | C17: Country San Joaquín, Joaquín Gorina, Buenos Aires, Argentina | D17: COUNTRY SAN JOAQUÍN (3ERA PUERTA) | E17: Gorina | F17: Joaquín Gorina | G17: Dentro de un country: el punto queda en la entrada | H17: Fuera de las zonas dibujadas | I17: Zona 03 - Gonnet Ringuelet (a 2.0 km) | J17: -34.905707 | K17: -58.045107 | L17: Abrir
A18: Sin zona | B18: GALARZA, DIEGO SEBASTIAN (EX NO STOP GORINA) | C18: Calle 485 y Calle 138, Joaquín Gorina, Buenos Aires, Argentina | D18: 485 Y 138 | E18: Gorina | F18: Joaquín Gorina | H18: Fuera de las zonas dibujadas | I18: Zona 03 - Gonnet Ringuelet (a 1.9 km) | J18: -34.904222 | K18: -58.04446 | L18: Abrir
A19: Sin zona | B19: MIRTA ALMAFUERTE | C19: Calle 485 y Calle 135, Joaquín Gorina, Buenos Aires, Argentina | D19: 485 ESQ 135 KIOSCO | E19: Gorina | F19: Joaquín Gorina | H19: Fuera de las zonas dibujadas | I19: Zona 03 - Gonnet Ringuelet (a 1.5 km) | J19: -34.90072 | K19: -58.043238 | L19: Abrir
A20: Sin zona | B20: SEBASTIAN GORINA EST. SERVICIO GULF | C20: Calle 485 y Calle 139, Joaquín Gorina, Buenos Aires, Argentina | D20: 485 E/ 139 Y DIAG 6 | E20: Gorina | F20: Joaquín Gorina | H20: Fuera de las zonas dibujadas | I20: Zona 03 - Gonnet Ringuelet (a 2.0 km) | J20: -34.905208 | K20: -58.044785 | L20: Abrir
A21: Sin zona | B21: ZHU ZHENHOU | C21: Calle 485 4031, Joaquín Gorina, Buenos Aires, Argentina | D21: CALLE 485 N4031 E/ 135 Y 136 | E21: Gorina | F21: Joaquín Gorina | H21: Fuera de las zonas dibujadas | I21: Zona 03 - Gonnet Ringuelet (a 1.3 km) | J21: -34.899035 | K21: -58.042932 | L21: Abrir
A22: Sin zona | B22: SANTIAGO ACHUCARRO - GULF | C22: Calle 510 y Calle 31, José Hernández, La Plata, Buenos Aires, Argentina | D22: 510 Y 31 | E22: J. Hernandez | F22: José Hernández, La Plata | H22: Fuera de las zonas dibujadas | I22: Zona 03 - Gonnet Ringuelet (a 0.9 km) | J22: -34.905016 | K22: -58.018048 | L22: Abrir
A23: Sin zona | B23: BECERRA ZAFRA | C23: Calle 45 598, La Plata, Buenos Aires, Argentina | D23: 45 N 598 E/6 Y 7 | E23: La Plata | F23: La Plata | H23: Fuera de las zonas dibujadas | I23: Zona 11 - Centro (a 0.0 km) | J23: -34.911487 | K23: -57.95379 | L23: Abrir
A24: Sin zona | B24: ESTE NOOOO | C24: Calle 659 780, La Plata, Buenos Aires, Argentina | D24: CALLE 659 n780 e/10 Y 11 | E24: La Plata | F24: La Plata | H24: Fuera de las zonas dibujadas | I24: Zona 18 - Villa Elvira (a 7.1 km) | J24: -34.991584 | K24: -57.853737 | L24: Abrir
A25: Sin zona | B25: MARIA CELESTE MARCOS | C25: Calle 7 1912, La Plata, Buenos Aires, Argentina | D25: 7 Nº1912 E/ 71 Y 72 | E25: La Plata | F25: La Plata | H25: Fuera de las zonas dibujadas | I25: Zona 18 - Villa Elvira (a 0.0 km) | J25: -34.93019 | K25: -57.928581 | L25: Abrir
A26: Sin zona | B26: MARIANA PLAZA MORENO (COCA COLA) | C26: Calle 50 y Calle 12, La Plata, Buenos Aires, Argentina | D26: CALLE 50 E/ 12 Y 13 | E26: La Plata | F26: La Plata | H26: Fuera de las zonas dibujadas | I26: Zona 11 - Centro (a 0.0 km) | J26: -34.919333 | K26: -57.954683 | L26: Abrir
A27: Sin zona | B27: SANDRA KIOSCO LA ESQUINA | C27: Calle 60 y Calle 123, La Plata, Buenos Aires, Argentina | D27: 60 ESQ 123 | E27: La Plata | F27: La Plata | H27: Fuera de las zonas dibujadas | I27: Zona 13 - Lateral Sureste (a 0.0 km) | J27: -34.907322 | K27: -57.925442 | L27: Abrir | M27: Pin corregido según la grilla de calles (60 y 123)
A28: Sin zona | B28: JONATHAN CARDOZO | C28: Calle 31 1202, Los Hornos, Buenos Aires, Argentina | D28: 31 N 1202 Y 57 | E28: Los Hornos/Lp | F28: Los Hornos | H28: Fuera de las zonas dibujadas | I28: Zona 16 - Los Hornos (a 0.1 km) | J28: -34.942361 | K28: -57.967683 | L28: Abrir | M28: Pin corregido según la grilla de calles de La Plata
A29: Sin zona | B29: VILMA FRANCO ALMACEN | C29: Calle 81BIS 2377, Los Hornos, Buenos Aires, Argentina | D29: CALLE 81 BIS Nº2377 ESQ. 139 | E29: Los Hornos | F29: Los Hornos | H29: Fuera de las zonas dibujadas | I29: Zona 18 - Villa Elvira (a 0.9 km) | J29: -34.969463 | K29: -57.951467 | L29: Abrir
A30: Sin zona | B30: IZAGUIRRE RUBEN | C30: Calle 485 y Calle 133, Manuel B. Gonnet, Buenos Aires, Argentina | D30: 485 Y 133 | E30: Gonnet | F30: Manuel B. Gonnet | H30: Fuera de las zonas dibujadas | I30: Zona 03 - Gonnet Ringuelet (a 1.2 km) | J30: -34.89843 | K30: -58.0423 | L30: Abrir
A31: Sin zona | B31: JURADO LEANDRO | C31: Calle 28 3500, Manuel B. Gonnet, Buenos Aires, Argentina | D31: CALLE 28 ESQ. 497 º3500 | E31: Gonnet | F31: Manuel B. Gonnet | H31: Fuera de las zonas dibujadas | I31: Zona 03 - Gonnet Ringuelet (a 0.2 km) | J31: -34.894761 | K31: -58.025394 | L31: Abrir
A32: Sin zona | B32: MAYRA MONTES (MERCADITO MALENA) | C32: Calle 28 5241, Manuel B. Gonnet, Buenos Aires, Argentina | D32: 28 N°5241 | E32: Gonnet | F32: Manuel B. Gonnet | H32: Fuera de las zonas dibujadas | I32: Zona 02 - City Bell (a 0.4 km) | J32: -34.889633 | K32: -58.046298 | L32: Abrir
A33: Sin zona | B33: LI ZHENSHU | C33: Calle 167 311, Melchor Romero, Buenos Aires, Argentina | D33: 167 311 E/529 Y 530 | E33: Melchor Romero | F33: Melchor Romero | H33: Fuera de las zonas dibujadas | I33: Zona 17 - Melchor Abasto (a 0.0 km) | J33: -34.963138 | K33: -58.024622 | L33: Abrir
A34: Sin zona | B34: CLAUDIO MARCHETTI | C34: Calle 11 y Calle 140, Punta Lara, Ensenada, Buenos Aires, Argentina | D34: 11 Y 140 | E34: Punta Lara (Ensenada) | F34: Punta Lara, Ensenada | H34: Fuera de las zonas dibujadas | I34: Zona 03 - Gonnet Ringuelet (a 7.6 km) | J34: -34.79574 | K34: -57.99354 | L34: Abrir
A35: Sin zona | B35: DORA CECILIA MAIDANA HERMANOS CURCIO | C35: Calle 20 y Calle 9, Punta Lara, Ensenada, Buenos Aires, Argentina | D35: 20 E/9 Y 11 PORTÓN DE CHAPA | E35: Punta Lara | F35: Punta Lara, Ensenada | H35: Fuera de las zonas dibujadas | I35: Zona 03 - Gonnet Ringuelet (a 7.6 km) | J35: -34.79574 | K35: -57.99354 | L35: Abrir
A36: Sin zona | B36: FABIAN DELFIN DUARTE | C36: Almirante Brown 5354, Punta Lara, Ensenada, Buenos Aires, Argentina | D36: ALMIRANTE BROWN º5354 E/ 100 Y 102 | E36: Punta Lara | F36: Punta Lara, Ensenada | H36: Fuera de las zonas dibujadas | I36: Zona 03 - Gonnet Ringuelet (a 6.6 km) | J36: -34.809776 | K36: -57.981768 | L36: Abrir
A37: Sin zona | B37: HUGO DANIEL TAU SUPERMERCADO EROS | C37: Almte. Brown y Calle 98, Punta Lara, Ensenada, Buenos Aires, Argentina | D37: ALMTE. BROWN E/ 98 Y 100 | E37: Punta Lara/Ensenada | F37: Punta Lara, Ensenada | H37: Fuera de las zonas dibujadas | I37: Zona 03 - Gonnet Ringuelet (a 6.6 km) | J37: -34.81016 | K37: -57.98131 | L37: Abrir
A38: Sin zona | B38: JULIETA ALMANDOZ 44 | C38: Calle 44 1913, San Carlos, La Plata, Buenos Aires, Argentina | D38: 44 N1913 E/ 133 Y 134 | E38: San Carlos | F38: San Carlos, La Plata | H38: Fuera de las zonas dibujadas | I38: Zona 16 - Los Hornos (a 0.1 km) | J38: -34.936306 | K38: -57.983882 | L38: Abrir | M38: Pin corregido según la grilla de calles (44 e/ 133 y 134)
A39: Sin zona | B39: ALAN SICARDI (SOL) | C39: Calle 22 y Calle 652, Sicardi, La Plata, Buenos Aires, Argentina | D39: 22 Y 652 | E39: Sicardi | F39: Sicardi, La Plata | H39: Fuera de las zonas dibujadas | I39: Zona 18 - Villa Elvira (a 6.6 km) | J39: -34.998526 | K39: -57.871879 | L39: Abrir
A40: Sin zona | B40: ALAN SICARDI 659 Y 16 | C40: Calle 659 y Calle 16, Sicardi, La Plata, Buenos Aires, Argentina | D40: 659 Y 16 | E40: Sicardi | F40: Sicardi, La Plata | H40: Fuera de las zonas dibujadas | I40: Zona 18 - Villa Elvira (a 7.1 km) | J40: -34.996846 | K40: -57.859689 | L40: Abrir
A41: Sin zona | B41: JORGE CASTRO (LIBRERIA RIA LIBRE) | C41: Calle 659 116, Sicardi, La Plata, Buenos Aires, Argentina | D41: 659 E/ 17 Y 18 N°116 | E41: Sicardi | F41: Sicardi, La Plata | H41: Fuera de las zonas dibujadas | I41: Zona 18 - Villa Elvira (a 7.1 km) | J41: -34.998031 | K41: -57.860605 | L41: Abrir
A42: Sin zona | B42: NOELLA SANS GODOY - LIBRERIA | C42: Calle 659 116, Sicardi, La Plata, Buenos Aires, Argentina | D42: CALLE 659 116 | E42: Sicardi | F42: Sicardi, La Plata | H42: Fuera de las zonas dibujadas | I42: Zona 18 - Villa Elvira (a 7.1 km) | J42: -34.998031 | K42: -57.860605 | L42: Abrir
A43: Sin zona | B43: JUAN CARLOS MOSCONI - PROVEEDURIA CAMPING | C43: Avenida 7 6009, Villa Elvira, Buenos Aires, Argentina | D43: AV 7 6009 E/ 653 Y 654 ESQ. 653 | E43: Villa Elvira | F43: Villa Elvira | H43: Fuera de las zonas dibujadas | I43: Zona 18 - Villa Elvira (a 6.6 km) | J43: -34.985851 | K43: -57.855517 | L43: Abrir
A44: Sin zona | B44: MARIBEL MARTINEZ (KIOSCO ROJO) | C44: Calle 4 y Calle 611, Villa Elvira, Buenos Aires, Argentina | D44: 4 E/ 611 Y 613 | E44: Villa Elvira | F44: Villa Elvira | H44: Fuera de las zonas dibujadas | I44: Zona 18 - Villa Elvira (a 2.2 km) | J44: -34.951486 | K44: -57.884657 | L44: Abrir
A45: Sin zona | B45: MARIO ZARATE | C45: Calle 6 3560, Villa Elvira, Buenos Aires, Argentina | D45: 6 E/603 Y 604 N 3560 | E45: Villa Elvira | F45: Villa Elvira | H45: Fuera de las zonas dibujadas | I45: Zona 18 - Villa Elvira (a 1.3 km) | J45: -34.952093 | K45: -57.896991 | L45: Abrir
A46: Sin zona | B46: MARTIN ARIEL GARAY | C46: Avenida 7 3414, Villa Elvira, Buenos Aires, Argentina | D46: AV 7 Nº3414 E/ 601 Y 602 | E46: Villa Elvira | F46: Villa Elvira | H46: Fuera de las zonas dibujadas | I46: Zona 18 - Villa Elvira (a 1.0 km) | J46: -34.951721 | K46: -57.900927 | L46: Abrir
A47: Sin zona | B47: ROJAS TERESA VIRGINIA | C47: Calle 659 y Calle 13, Villa Elvira, Buenos Aires, Argentina | D47: 659 E/ 13 Y 13BIS | E47: Villa Elvira | F47: Villa Elvira | H47: Fuera de las zonas dibujadas | I47: Zona 18 - Villa Elvira (a 7.1 km) | J47: -34.993586 | K47: -57.856115 | L47: Abrir
